Workbook
Name Cablestyle: Print!$AK$50:$AK$59
Name HEIGHT: 'shade check'!$H$11:$I$18
Name m: #REF!
Name X: 'shade check'!$BG$38:$BG$48
Name Y: 'shade check'!$BH$38:$BH$48

Sheet Details
P1: Turn Buckle Size | R1: D Shackle Size | S1: Toggle Size
B2: Sun Safe Shade Sails | I2: Installers
B3: Customer Details | I3: David H | P3: 6mm Hook-Hook | R3: 6mm | S3: 12mm@200mm
B4: Measurer | I4: Dayne H | P4: 6mm Eye-Eye | R4: 8mm | S4: 12mm@250mm
B5: Customer Name | D5: Mackay | I5: David M | P5: 8mm Hook-Hook | R5: 10mm | S5: 16mm Welded@200mm
C6: Job Number | I6: Brian V | P6: 8mm Eye-Eye | R6: 12mm | S6: 16mm Welded@250mm
B7: Address: | C7: Street: | I7: Matt | P7: 10mm Hook-Hook | S7: 16mm Welded@300mm
C8: Suburb: | P8: 10mm Eye-Eye | S8: 16mm Welded@400mm
C9: State: | D9: - | E9: Postcode: | F9: - | P9: 12mm Hook-Hook | S9: 20mm Welded@200mm
B10: Email: | D10: - | L10: Take offs | P10: 12mm Eye-Eye | S10: 20mm Welded@250mm
C11: Email Server: | D11: - | K11: D Shackles | L11: Turn Buckles | M11: Toggles | N11: Lacing | P11: 16mm Hook-Hook | S11: 20mm Welded@300mm
C12: Email Authentication: | P12: 16mm Eye-Eye | S12: 20mm Welded@400mm
B13: Phone Number: | D13: -
B14: Fax Number: | D14: - | I14: Terminated | K14: 80 | L14: 400 | M14: 150 | N14: 150
C15: Version: | D15: 1.8 | I15: Continuous | K15: 100 | L15: 500 | M15: 175 | N15: 200
B16: Shade Sail Setup | I16: Inline | K16: 120 | L16: 600 | M16: 200 | N16: 300
B17: Take off Lengths | M17: 250 | N17: 400
B18: Take off Ropes/Lacing: | D18: 150 | N18: 500
B19: Size T Buckle: | D19: 8mm Hook-Hook
B20: Size D Shackle: | D20: 8mm
B21: Size Toggle:
B22: Take Off for Toggles:
B23: Take Off for T Buckle: | D23: 400 | H23: T8=400mm | I23: T10=500mm | J23: T12=600mm
B24: Take Off for D.S.: | D24: 80 | K24: Cable Size | L24: Offset %
B25: Cable Style: | D25: Continuous | I25: Turn Buckles: | K25: -
B26: Delivery Option: | D26: Pickup | I26: Bottle Screws: | K26: 3mm | L26: 0.02
B27: Fold Direction: | D27: Underside | K27: 4mm | L27: 0.03
B28: Thread: | D28: PTFE | I28: Delivery | K28: 5mm | L28: 0.04
B29: Cable Size: | D29: 4mm | I29: Pickup | K29: 6mm | L29: 0.05
B30: Corner Fittings: | D30: Small Pro-Rig | K30: 8mm | L30: 0.06
B31: Offset %: | D31: 0.05 | I31: Underside | K31: 10mm | L31: 0.07
I32: Topside | L32: 0.08
L33: 0.09
L34: 0.1

Sheet Main
C2: DATE: | F2: =TODAY() -> 46135 | K2: DELIVERY | L2: =IF(Details!D26="PICKUP","PICK UP",Details!D7) -> PICK UP
C3: COMPANY: | F3: =Details!D5 -> Mackay | K3: ADDRESS | L3: =IF(Details!D26="PICKUP","-",CONCATENATE(Details!D8," ",Details!D9," ",Details!F9)) -> -
C4: REF: | K4: PH/FAX: | L4: =Details!D13 -> - | M4: =Details!D14 -> -
C6: BRAND: | F6: Z 16
C7: COLOUR: | F7: CHARCOAL
C9: Number of fixing points | G9: 6
N10: TAKE OFF LENGTH | O10: REVERSE CURVE
C11: ='shade check'!C9 -> POINT-POINT | F11: ='shade check'!F9 -> OFFSET | G11: DIST | H11: Exit Point | J11: POST HEIGHT | L11: ='shade check'!K9 -> FIXED TO | M11: ='shade check'!L9 -> FIXING
C13: ='shade check'!C11 -> A-B | D13: 4370 | F13: =Details!$D$31 -> 0.05 | G13: =ROUND('shade check'!AZ23,-1) -> 220 | H13: - | I13: ='shade check'!H11 -> A | N13: =VLOOKUP(Main!M13,Main!$P$13:$Q$18,2,FALSE) -> #N/A | O13: - | P13: TURN BUCKLE | Q13: =Details!D23 -> 400
C14: ='shade check'!C12 -> B-C | D14: 4340 | F14: =Details!$D$31 -> 0.05 | G14: =ROUND('shade check'!AZ24,-1) -> 220 | H14: - | I14: ='shade check'!H12 -> B | N14: =VLOOKUP(Main!M14,Main!$P$13:$Q$18,2,FALSE) -> #N/A | O14: - | P14: D SHACKLE | Q14: =Details!D24 -> 80
C15: ='shade check'!C13 -> C-D | D15: 7160 | F15: =Details!$D$31 -> 0.05 | G15: =ROUND('shade check'!AZ25,-1) -> 360 | H15: - | I15: ='shade check'!H13 -> C | N15: =VLOOKUP(Main!M15,Main!$P$13:$Q$18,2,FALSE) -> #N/A | O15: - | P15: TOGGLE | Q15: =Details!D22 -> 0
C16: ='shade check'!C14 -> D-E | D16: 3490 | F16: =Details!$D$31 -> 0.05 | G16: =ROUND('shade check'!AZ26,-1) -> 170 | H16: - | I16: ='shade check'!H14 -> D | N16: =VLOOKUP(Main!M16,Main!$P$13:$Q$18,2,FALSE) -> #N/A | O16: - | P16: CABLE TRACE | Q16: 0
C17: ='shade check'!C15 -> E-F | D17: 2600 | F17: =Details!$D$31 -> 0.05 | G17: =ROUND('shade check'!AZ27,-1) -> 130 | I17: ='shade check'!H15 -> E | N17: =VLOOKUP(Main!M17,Main!$P$13:$Q$18,2,FALSE) -> #N/A | O17: - | P17: SAIL TRACK
C18: ='shade check'!C16 -> F-A | D18: 7480 | F18: =Details!$D$31 -> 0.05 | G18: =ROUND('shade check'!AZ28,-1) -> 140 | H18: - | I18: ='shade check'!H16 -> F | L18: - | M18: - | N18: =VLOOKUP(Main!M18,Main!$P$13:$Q$18,2,FALSE) -> #N/A | O18: - | P18: LACING | Q18: =Details!D18 -> 150
C19: ='shade check'!C17 | D19: - | F19: =Details!$D$31 -> 0.05 | G19: =ROUND('shade check'!AZ29,-1) -> 0 | H19: - | I19: ='shade check'!H17 | J19: 0 | L19: - | M19: - | N19: =VLOOKUP(Main!M19,Main!$P$13:$Q$18,2,FALSE) -> #N/A | O19: -
C20: ='shade check'!C18 | D20: - | F20: =Details!$D$31 -> 0.05 | G20: =ROUND('shade check'!AZ30,-1) -> 0 | H20: - | I20: ='shade check'!H18 | J20: 0 | L20: - | M20: - | N20: =VLOOKUP(Main!M20,Main!$P$13:$Q$18,2,FALSE) -> #N/A | O20: -
C22: ='shade check'!C23 -> DIAGONAL POINT TO POINT
C24: ='shade check'!C25 -> A-C | D24: 7750
C25: ='shade check'!C26 -> A-D | D25: 10420
C26: ='shade check'!C27 -> A-E | D26: 8280
C27: ='shade check'!C28 -> B-D | D27: 8300
C28: ='shade check'!C29 -> B-E | D28: 7390
C29: ='shade check'!C30 -> B-F | D29: 8020
C30: ='shade check'!C31 -> C-E | D30: 8080
C31: ='shade check'!C32 -> C-F | D31: 9570
C32: ='shade check'!C33 -> D-F | D32: 5990
C33: ='shade check'!C34 | D33: -
C34: ='shade check'!C35 | D34: -
C35: ='shade check'!C36 | D35: -
C36: ='shade check'!C37 | D36: -
C37: ='shade check'!C38 | D37: -
C38: ='shade check'!C39 | D38: -
C39: ='shade check'!C40 | D39: -
C40: ='shade check'!C41 | D40: -
C41: ='shade check'!C42 | D41: -
C42: ='shade check'!C43 | D42: -
C43: ='shade check'!C44 | D43: -
D45: Version: | F45: =Details!D15 -> 1.8
Z50: 6mm Triangle | AB50: ROOF
Z51: 6mm D-ring | AB51: WALL | AH51: Welded
Z52: 6mm Ezy slide | AB52: POST | AH52: PTFE
AB53: - | AH53: Tenara
AH54: Poly Cotton
AC59: 0
AC60: 0.04
AC61: 0.05 | AI61: -
AC62: 0.06 | AI62: Small Pro-Rig | AL62: 3.2mm Cable
AC63: 0.07 | AI63: Large Pro-Rig | AL63: 4.0mm Cable
AC64: 0.08 | AI64: Pro-Rig with m16 Tube | AL64: 5.0mm Cable
AI65: Pro-Rig with m12 Tube | AL65: 6.0mm Cable
AI66: 100mm Plate
AI67: 150mm Plate
AC68: Exit Point | AI68: Small Eezy Slide
AC69: - | AE69: 3 | AI69: Large Eezy Slide
AE70: 4
AC71: R | AE71: 5
AC72: 180º | AE72: 6
AC73: - | AE73: 7
AE74: 8 | AJ74: COMMERCIAL 95 | AL74: DRIZ
AJ75: 95 | AL75: DZ
AJ76: CHERRY RED | AL76: BLACK
AJ77: NAVY BLUE | AL77: DESERT SAND
AJ78: YELLOW | AL78: RAINFOREST
AJ79: BRUNSWICK GREEN | AL79: SILVER GREY
AA80: DELIVERY | AJ80: AQUATIC BLUE | AL80: CHARCOAL
AA81: PICK UP | AJ81: BLACK | AL81: ROYAL BLUE
AJ82: SKY BLUE | AL82: CHAMPAGNE
AJ83: OCHRE RED | AL83: MULBERRY
AJ84: DESERT SAND | AL84: LAGUNA BLUE
AJ85: STEEL GREY | AL85: NAVY BLUE
AJ86: RIVERGUM GREEN | AL86: TURQUOISE
AJ87: TURQUOISE | AL87: RUST GOLD
AJ88: NATURAL | AL88: MIST GREEN
AC91: 1 | AD91: 2 | AE91: 3 | AF91: 4 | AG91: 5 | AH91: 6 | AI91: 7 | AJ91: 8 | AK91: 9 | AL91: 10 | AM91: 11
AB92: 1 | AC92: MONOTEC 370 | AD92: Z 16 | AE92: EXTREME 32 | AF92: ABSHADE | AG92: COMMERCIAL 95 | AH92: ARCHITECT 400 | AI92: POLY-FX | AJ92: COMSHADE | AK92: DRI Z | AL92: FARRARI 502-802 | AM92: NAYZL-PS 680
Z93: =AC92 -> MONOTEC 370 | AA93: =HLOOKUP($F$6,$AC$92:$AM$118,AB94,FALSE) -> BLACK | AB93: 2 | AC93: M65 | AD93: Z16 | AE93: 23 | AG93: SYNTHESYS | AH93: POLYFAB | AI93: POLYFAB | AJ93: POLYFAB
Z94: =AD92 -> Z 16 | AA94: =HLOOKUP($F$6,$AC$92:$AM$118,AB95,FALSE) -> RAINFOREST | AB94: 3 | AC94: CHINO (CREAM) | AD94: BLACK | AE94: CHARCOAL | AF94: RED | AG94: BLACK | AH94: PORCELAIN | AI94: GRAPE | AJ94: PORCELAIN | AK94: CHARCOAL | AL94: FARRARI 502 | AM94: WHITE 410
Z95: =AE92 -> EXTREME 32 | AA95: =HLOOKUP($F$6,$AC$92:$AM$118,AB96,FALSE) -> GUMLEAF | AB95: 4 | AC95: KARLOO (sand) | AD95: RAINFOREST | AE95: SILVER GREY | AF95: TERRACOTTA | AG95: CHARCOAL | AH95: CAPPUCCINO | AI95: LIME | AJ95: CAPPUCCINO | AK95: BLACK | AL95: 01-8102 White | AM95: WHITE BLOCKOUT 410
Z96: =AF92 -> ABSHADE | AA96: =HLOOKUP($F$6,$AC$92:$AM$118,AB97,FALSE) -> DESERT SAND | AB96: 5 | AC96: BUNDENA (blue) | AD96: GUMLEAF | AE96: DESERT SAND | AF96: BRIGHT BLUE | AG96: GUN METAL | AH96: AQUAMARINE | AI96: LEMON | AJ96: CAFÉ NIOR | AK96: SILVER | AL96: 02-2160 Lagoon | AM96: CREAM 683
Z97: =AG92 -> COMMERCIAL 95 | AA97: =HLOOKUP($F$6,$AC$92:$AM$118,AB98,FALSE) -> SILVER GREY | AB97: 6 | AC97: SHEBA (DARK BLUE) | AD97: DESERT SAND | AE97: BLACK | AF97: TURQUOISE | AG97: STEEL GREY | AH97: NAVY BLUE | AI97: BERRY | AJ97: BRONZE | AK97: DESERT SAND | AL97: 03-2167 Concrete | AM97: VANILLA 414
Z98: =AH92 -> ARCHITECT 400 | AA98: =HLOOKUP($F$6,$AC$92:$AM$118,AB99,FALSE) -> ROYAL BLUE | AB98: 7 | AC98: GRAPHITE (CHARCOAL) | AD98: SILVER GREY | AE98: NAVY | AF98: DARK GREEN | AG98: RIVER GUM | AH98: SLATE GREY | AI98: ORANGE | AJ98: CAFÉ NOIR | AK98: CINNOMON | AL98: 04-2144 Mastic | AM98: LATTE 419
Z99: =AI92 -> POLY-FX | AA99: =HLOOKUP($F$6,$AC$92:$AM$118,AB100,FALSE) -> SUNSET RED | AB99: 8 | AC99: MORROCAN (TERRACOTTA) | AD99: ROYAL BLUE | AE99: RAINFOREST | AF99: BLACK | AG99: NATURAL | AH99: MIDNIGHT GREEN | AI99: PORCELAIN | AJ99: SANDSTONE | AK99: CHOCOLATE | AL99: 05-2163 Turtledove | AM99: LEMON 420
Z100: =AJ92 -> COMSHADE | AA100: =HLOOKUP($F$6,$AC$92:$AM$118,AB101,FALSE) -> CHAMPAGNE | AB100: 9 | AC100: ABAROO (RED) | AD100: SUNSET RED | AE100: ROYAL BLUE | AF100: LIGHT GREEN | AG100: BRUNSWICK GREEN | AH100: ORANGE | AI100: CAPPUCCINO | AJ100: RUST | AK100: MULLBERRY | AL100: 06-2159 Cornflower | AM100: BUTTER 411
Z101: =AK92 -> DRI Z | AA101: =HLOOKUP($F$6,$AC$92:$AM$118,AB102,FALSE) -> MEADOW GREEN | AB101: 10 | AC101: KOONUNGA (GREEN) | AD101: CHAMPAGNE | AE101: TERRACOTTA | AF101: NAVY BLUE | AG101: DESERT SAND | AH101: BERRY | AI101: CAFÉ NOIR | AJ101: COPPER | AK101: RUST GOLD | AL101: 07-1499 Shifting Grey | AM101: TANGERINE 421
Z102: =AL92 -> FARRARI 502-802 | AA102: =HLOOKUP($F$6,$AC$92:$AM$118,AB103,FALSE) -> LAGUNA BLUE | AB102: 11 | AC102: DOMINO (BLACK) | AD102: MEADOW GREEN | AF102: CREAM | AG102: NAVY BLUE | AH102: LEMON | AI102: SANDSTONE | AJ102: MERLOT | AK102: RAINFOREST | AL102: 08-2168 Aluminium | AM102: FLAME 422
Z103: =AM92 -> NAYZL-PS 680 | AA103: =HLOOKUP($F$6,$AC$92:$AM$118,AB104,FALSE) -> NAVY BLUE | AB103: 12 | AC103: LIME FIZZ (LIME) | AD103: LAGUNA BLUE | AF103: CHARCOAL | AG103: DEEP OCHRE | AH103: GRAPE | AI103: RUST | AJ103: YELLOW | AK103: TURQUOISE | AL103: 09-2156 Spruce | AM103: MAGENTA 629
AA104: =HLOOKUP($F$6,$AC$92:$AM$118,AB105,FALSE) -> TURQUOISE | AB104: 13 | AC104: MELLOW HAZE (YELLOW) | AD104: NAVY BLUE | AF104: SANDSTONE | AG104: SKY BLUE | AH104: LIME | AI104: COPPER | AJ104: AQUAMARINE | AK104: OLIVE | AL104: 10-5056 Tennis | AM104: LAVENDER 409
AA105: =HLOOKUP($F$6,$AC$92:$AM$118,AB106,FALSE) -> RUST GOLD | AB105: 14 | AC105: SHERBET (ORANGE) | AD105: TURQUOISE | AG105: CAYENNE | AH105: BLACK | AI105: MERLOT | AJ105: NAVY BLUE | AK105: NAVY BLUE | AL105: 11-2157 Aniseed | AM105: SKY 412
AA106: =HLOOKUP($F$6,$AC$92:$AM$118,AB107,FALSE) -> MIST GREEN | AB106: 15 | AC106: BUBBLEGUM (PINK) | AD106: RUST GOLD | AG106: AQUATIC BLUE | AI106: AQUAMARINE | AJ106: BLACK | AK106: LAGUNA BLUE | AL106: 12-2172 Carrot | AM106: SAPPHIRE 413
AA107: =HLOOKUP($F$6,$AC$92:$AM$118,AB108,FALSE) -> TERRACOTTA | AB107: 16 | AC107: JAZZBERRY (PURPLE) | AD107: MIST GREEN | AG107: CHERRY RED | AI107: NAVY BLUE | AJ107: SLATE | AK107: ROYAL BLUE | AL107: 13-8204 Mandarin | AM107: INK 261
AA108: =HLOOKUP($F$6,$AC$92:$AM$118,AB109,FALSE) -> SUNFLOWER YELLOW | AB108: 17 | AD108: TERRACOTTA | AG108: TURQUOISE | AI108: BLACK | AJ108: BLUE GUM | AK108: TERRACOTTA | AL108: 14-2166 Buttercup | AM108: ROYAL 425
AA109: =HLOOKUP($F$6,$AC$92:$AM$118,AB110,FALSE) -> ICE WHITE | AB109: 18 | AD109: SUNFLOWER YELLOW | AG109: YELLOW | AI109: SLATE | AJ109: PLATINUM | AK109: SUNSET RED | AL109: 15-2165 Blackcurrant | AM109: INDIGO 262
AA110: =HLOOKUP($F$6,$AC$92:$AM$118,AB111,FALSE) -> MULBERRY | AB110: 19 | AD110: ICE WHITE | AI110: BLUE GUM | AJ110: MIDNIGHT GREEN | AL110: 16-2150 Raspberry | AM110: MIDNIGHT 431
AA111: =HLOOKUP($F$6,$AC$92:$AM$118,AB112,FALSE) -> CHARCOAL | AB111: 20 | AD111: MULBERRY | AI111: PLATINUM | AL111: 17-8284 Maroon | AM111: FOREST 265
AA112: =HLOOKUP($F$6,$AC$92:$AM$118,AB113,FALSE) -> 0 | AB112: 21 | AD112: CHARCOAL | AI112: LIGHT GREEN | AL112: 18-2149 Beetle | AM112: EMERALD 432
AA113: =HLOOKUP($F$6,$AC$92:$AM$118,AB114,FALSE) -> 0 | AB113: 22 | AI113: MIDNIGHT GREEN | AL113: 19-2158 Moss Green | AM113: PEACOCK 424
AA114: =HLOOKUP($F$6,$AC$92:$AM$118,AB115,FALSE) -> 0 | AB114: 23 | AL114: 20-2137 Walnut Stain | AM114: KIWI 426
AA115: =HLOOKUP($F$6,$AC$92:$AM$118,AB116,FALSE) -> 0 | AB115: 24 | AL115: 21-2138 Dead Leaf | AM115: LIME 408
AA116: =HLOOKUP($F$6,$AC$92:$AM$118,AB117,FALSE) -> 0 | AB116: 25 | AL116: 22-2012 Pepper | AM116: ASH 415
AA117: =HLOOKUP($F$6,$AC$92:$AM$118,AB118,FALSE) -> 0 | AB117: 26 | AL117: 23-2173 Suscan | AM117: ZINC 423
...

Sheet Print
C2: DATE: | F2: =TODAY() -> 46135 | L2: Phone | M2: 0466 256 405/ 0466 069 614
C3: Customer | F3: =Details!D5 -> Mackay
C4: Job No | F4: =Details!D6 -> 0 | L4: Email | M4: jayson@sunsafeshadesails.com.au
D5: Installer: | F5: =Details!D4 -> 0
C6: BRAND: | F6: =Main!F6 -> Z 16 | L6: Thread: | N6: =Details!D28 -> PTFE
C7: COLOUR: | F7: =Main!F7 -> CHARCOAL | L7: =Details!B27 -> Fold Direction: | N7: =Details!D27 -> Underside
L8: =Details!B30 -> Corner Fittings: | N8: =Details!D30 -> Small Pro-Rig
C9: Number of fixing points | G9: =Main!G9 -> 6 | L9: Cable Size: | N9: =Details!D29 -> 4mm
L10: Cable Style: | N10: =Details!D25 -> Continuous
F11: ACT. SAIL | O11: TAKE OFF LENGTH | P11: REVERSE CURVE
C12: ='shade check'!C9 -> POINT-POINT | G12: ='shade check'!F9 -> OFFSET | H12: DIST | I12: Exit point | K12: POST HEIGHT | M12: ='shade check'!K9 -> FIXED TO | N12: ='shade check'!L9 -> FIXING
C14: ='shade check'!C11 -> A-B | D14: =Main!D13 -> 4370 | E14: =Main!E13 -> 0 | F14: ='shade check'!BB23 -> 0 | G14: =Main!F13 -> 0.05 | H14: =ROUND('shade check'!AZ23,-1) -> 220 | I14: =Main!H13 -> - | K14: ='shade check'!H11 -> A | L14: =Main!J13 -> 0 | M14: =Main!L13 -> 0 | N14: =Main!M13 -> 0 | O14: =Main!N13 -> #N/A | P14: =Main!O13 -> -
C15: ='shade check'!C12 -> B-C | D15: =Main!D14 -> 4340 | E15: =Main!E14 -> 0 | F15: ='shade check'!BB24 -> 0 | G15: =Main!F14 -> 0.05 | H15: =ROUND('shade check'!AZ24,-1) -> 220 | I15: =Main!H14 -> - | K15: ='shade check'!H12 -> B | L15: =Main!J14 -> 0 | M15: =Main!L14 -> 0 | N15: =Main!M14 -> 0 | O15: =Main!N14 -> #N/A | P15: =Main!O14 -> -
C16: ='shade check'!C13 -> C-D | D16: =Main!D15 -> 7160 | E16: =Main!E15 -> 0 | F16: ='shade check'!BB25 -> 0 | G16: =Main!F15 -> 0.05 | H16: =ROUND('shade check'!AZ25,-1) -> 360 | I16: =Main!H15 -> - | K16: ='shade check'!H13 -> C | L16: =Main!J15 -> 0 | M16: =Main!L15 -> 0 | N16: =Main!M15 -> 0 | O16: =Main!N15 -> #N/A | P16: =Main!O15 -> -
C17: ='shade check'!C14 -> D-E | D17: =Main!D16 -> 3490 | E17: =Main!E16 -> 0 | F17: ='shade check'!BB26 -> 0 | G17: =Main!F16 -> 0.05 | H17: =ROUND('shade check'!AZ26,-1) -> 170 | I17: =Main!H16 -> - | K17: ='shade check'!H14 -> D | L17: =Main!J16 -> 0 | M17: =Main!L16 -> 0 | N17: =Main!M16 -> 0 | O17: =Main!N16 -> #N/A | P17: =Main!O16 -> -
C18: ='shade check'!C15 -> E-F | D18: =Main!D17 -> 2600 | E18: =Main!E17 -> 0 | F18: ='shade check'!BB27 -> 0 | G18: =Main!F17 -> 0.05 | H18: =ROUND('shade check'!AZ27,-1) -> 130 | I18: =Main!H17 -> 0 | K18: ='shade check'!H15 -> E | L18: =Main!J17 -> 0 | M18: =Main!L17 -> 0 | N18: =Main!M17 -> 0 | O18: =Main!N17 -> #N/A | P18: =Main!O17 -> -
C19: ='shade check'!C16 -> F-A | D19: =Main!D18 -> 7480 | E19: =Main!E18 -> 0 | F19: ='shade check'!BB28 -> 0 | G19: =Main!F18 -> 0.05 | H19: =ROUND('shade check'!AZ28,-1) -> 140 | I19: =Main!H18 -> - | K19: ='shade check'!H16 -> F | L19: =Main!J18 -> 0 | M19: =Main!L18 -> - | N19: =Main!M18 -> - | O19: =Main!N18 -> #N/A | P19: =Main!O18 -> -
C20: ='shade check'!C17 | D20: =Main!D19 -> - | E20: =Main!E19 -> 0 | F20: ='shade check'!BB29 -> 0 | G20: =Main!F19 -> 0.05 | H20: =ROUND('shade check'!AZ29,-1) -> 0 | I20: =Main!H19 -> - | K20: ='shade check'!H17 | L20: =Main!J19 -> 0 | M20: =Main!L19 -> - | N20: =Main!M19 -> - | O20: =Main!N19 -> #N/A | P20: =Main!O19 -> -
C21: ='shade check'!C18 | D21: =Main!D20 -> - | E21: =Main!E20 -> 0 | F21: ='shade check'!BB30 -> 0 | G21: =Main!F20 -> 0.05 | H21: =ROUND('shade check'!AZ30,-1) -> 0 | I21: =Main!H20 -> - | K21: ='shade check'!H18 | L21: =Main!J20 -> 0 | M21: =Main!L20 -> - | N21: =Main!M20 -> - | O21: =Main!N20 -> #N/A | P21: =Main!O20 -> -
D22: =SUM(D14:D21)+2 -> 29442 | F22: Cable Length | O22: =Details!B19 -> Size T Buckle: | P22: T10
C23: ='shade check'!C20 -> - ERROR - REMEASURE | G23: ='shade check'!G20 -> Error | H23: Sail Manufacturer | O23: =Details!B20 -> Size D Shackle: | P23: SH8
G24: ='shade check'!G21 -> 0.1043533 | O24: =Details!B21 -> Size Toggle:
C26: ='shade check'!C23 -> DIAGONAL POINT TO POINT | H26: Installer
B28: ='shade check'!B25 -> 1 | C28: ='shade check'!C25 -> A-C | D28: =Main!D24 -> 7750
B29: ='shade check'!B26 -> 2 | C29: ='shade check'!C26 -> A-D | D29: =Main!D25 -> 10420
B30: ='shade check'!B27 -> 3 | C30: ='shade check'!C27 -> A-E | D30: =Main!D26 -> 8280
B31: ='shade check'!B28 -> 4 | C31: ='shade check'!C28 -> B-D | D31: =Main!D27 -> 8300
B32: ='shade check'!B29 -> 5 | C32: ='shade check'!C29 -> B-E | D32: =Main!D28 -> 7390
B33: ='shade check'!B30 -> 6 | C33: ='shade check'!C30 -> B-F | D33: =Main!D29 -> 8020
B34: ='shade check'!B31 -> 7 | C34: ='shade check'!C31 -> C-E | D34: =Main!D30 -> 8080
B35: ='shade check'!B32 -> 8 | C35: ='shade check'!C32 -> C-F | D35: =Main!D31 -> 9570
B36: ='shade check'!B33 -> 9 | C36: ='shade check'!C33 -> D-F | D36: =Main!D32 -> 5990
B37: ='shade check'!B34 -> 10 | C37: ='shade check'!C34 | D37: =Main!D33 -> -
B38: ='shade check'!B35 -> 11 | C38: ='shade check'!C35 | D38: =Main!D34 -> -
B39: ='shade check'!B36 -> 12 | C39: ='shade check'!C36 | D39: =Main!D35 -> -
... B47: ='shade check'!B44 -> 20 | C47: ='shade check'!C44 | D47: =Main!D43 -> -
AK48: Cable Style
C49: ='shade check'!C46 -> 1 | D49: ='shade check'!D46 -> 2
U51: 1 | V51: RAINBOW Z16 | W51: BLACK | AA51: 6mm Triangle | AC51: ROOF | AD51: LACING | AE51: =Details!D18 -> 150 | AK51: Terminated
U52: 2 | W52: RAINFOREST | AA52: 6mm D-ring | AC52: WALL | AD52: =IF(LEFT(Details!B23,1)="T","TURN BUCKLE","BOTTLE SCREW") -> TURN BUCKLE | AE52: =Details!D23 -> 400 | AK52: Contiuous
U53: 3 | W53: GUMLEAF | AA53: 6mm Ezy slide | AC53: POST | AD53: SHACKLE | AE53: =Details!D24 -> 80 | AK53: Inline
U54: 4 | W54: DESERT SAND | AC54: - | AD54: TRACE | AE54: -
U55: 5 | W55: SILVER GREY | AD55: SAIL TRACK | AE55: -
U56: 6 | W56: ROYAL BLUE | AD56: - | AE56: -
U57: 7 | W57: SUNSET RED
U58: 8 | W58: CHAMPAGNE
U59: 9 | W59: MEADOW GREEN
U60: 10 | W60: LAGUNA BLUE | AD60: 0
U61: 11 | W61: NAVY BLUE | AD61: 0.04
U62: 12 | W62: TURQUOISE | AD62: 0.05
C63: Jayson Norris ABN: 57 576 380 060 PH: 0466 069 614 jayson@sunsafeshadesails.com | U63: 13 | W63: RUST GOLD | AD63: 0.06
U64: 14 | W64: MIST GREEN | AD64: 0.07
U65: 15 | W65: TERRACOTTA | AD65: 0.08
U66: 16 | W66: SUNFLOWER YELLOW
U67: 17 | W67: ICE WHITE
U68: 18 | W68: MULBERRY
U69: 19 | AD69: TAG
U70: 1 | V70: COMMERCIAL 95 | W70: CHERRY RED | AD70: - | AF70: 3
U71: 2 | W71: NAVY BLUE | AF71: 4
U72: 3 | W72: YELLOW | AD72: R | AF72: 5
U73: 4 | W73: BRUNSWICK GREEN | AD73: - | AF73: 6
U74: 5 | W74: AQUATIC BLUE | AF74: 7
U75: 6 | W75: BLACK | AF75: 8
U76: 7 | W76: SKY BLUE
U77: 8 | W77: OCHRE RED
U78: 9 | W78: DESERT SNAD
U79: 10 | W79: STEEL GREY
U80: 11 | W80: RIVERGUM GREEN
U81: 12 | W81: TURQUOISE | AB81: DELIVERY
U82: 13 | W82: NATURAL | AB82: PICK UP
U83: 14
U84: 15
U85: 16
U86: 17
U87: 18
U88: 19
U89: 1 | V89: SUPASHADE PLUS | W89: CHILLI RED
U90: 2 | W90: MARIGOLD YELLOW
U91: 3 | W91: MARINE BLUE
U92: 4 | W92: OPAL
U93: 5 | W93: COOLABAH GREEN | AF93: RAINBOW Z16 | AG93: COMMERCIAL 95 | AH93: SUPASHADE PLUS | AI93: ASPIRE | AJ93: SCA-220 | AK93: DRIZ | AL93: POLYFX | AM93: COMSHADE | AN93: FR COMSHADE
U94: 6 | W94: RAINFOREST GREEN | AA94: RAINBOW Z16 | AD94: =HLOOKUP($F$6,$AF$93:$AN$111,2,FALSE) -> #N/A | AF94: BLACK | AG94: CHERRY RED | AH94: CHILLI RED | AI94: AQUATIC BLUE | AJ94: AQUATIC BLUE | AK94: BLACK | AL94: PORCELAIN | AM94: PORCELAIN | AN94: SANDSTONE
U95: 7 | W95: DENIM | AA95: COMMERCIAL 95 | AD95: =HLOOKUP($F$6,$AF$93:$AN$111,3,FALSE) -> #N/A | AF95: RAINFOREST | AG95: NAVY BLUE | AH95: MARIGOLD YELLOW | AI95: BLACK | AJ95: BLACK | AK95: DESERT SAND | AL95: SANDSTONE | AM95: SANDSTONE | AN95: PORCELAIN
U96: 8 | W96: TERRACOTTA | AA96: SUPASHADE PLUS | AD96: =HLOOKUP($F$6,$AF$93:$AN$111,4,FALSE) -> #N/A | AF96: GUMLEAF | AG96: YELLOW | AH96: MARINE BLUE | AI96: BRUNSWICK GREEN | AJ96: CHARCOAL | AK96: RAINFOREST | AL96: RUST | AM96: RUST | AN96: AQUAMARINE
U97: 9 | W97: SAHARA | AA97: ASPIRE | AD97: =HLOOKUP($F$6,$AF$93:$AN$111,5,FALSE) -> #N/A | AF97: DESERT SAND | AG97: BRUNSWICK GREEN | AH97: OPAL | AI97: LIGHT BEIGE | AJ97: DESERTSAND | AK97: SILVER GREY | AL97: BRONZE | AM97: BRONZE | AN97: MIDNIGHT GREEN
U98: 10 | W98: VANILLA | AA98: SCA-220 | AD98: =HLOOKUP($F$6,$AF$93:$AN$111,6,FALSE) -> #N/A | AF98: SILVER GREY | AG98: AQUATIC BLUE | AH98: COOLABAH GREEN | AI98: WHITE | AJ98: FOREST GREEN | AK98: CHARCOAL | AL98: CLARET | AM98: CLARET | AN98: BLUEGUM
U99: 11 | W99: ICE | AA99: DRIZ | AD99: =IF(HLOOKUP($F$6,$AF$93:$AN$111,7,FALSE)=0,"",HLOOKUP($F$6,$AF$93:$AN$111,7,FALSE)) -> #N/A | AF99: ROYAL BLUE | AG99: BLACK | AH99: RAINFOREST GREEN | AJ99: GREY | AK99: ROYAL BLUE | AL99: YELLOW | AM99: YELLOW
U100: 12 | W100: BLACK | AA100: POLYFX | AD100: =IF(HLOOKUP($F$6,$AF$93:$AN$111,8,FALSE)=0,"",HLOOKUP($F$6,$AF$93:$AN$111,8,FALSE)) -> #N/A | AF100: SUNSET RED | AG100: SKY BLUE | AH100: DENIM | AJ100: LIGHT BEIGE | AK100: CHAMPAGNE | AL100: AQUAMARINE | AM100: AQUAMARINE
U101: 13 | W101: CHARCOAL | AA101: COMSHADE | AD101: =IF(HLOOKUP($F$6,$AF$93:$AN$111,9,FALSE)=0,"",HLOOKUP($F$6,$AF$93:$AN$111,9,FALSE)) -> #N/A | AF101: CHAMPAGNE | AG101: OCHRE RED | AH101: TERRACOTTA | AJ101: NAVY BLUE | AK101: MULBERRY | AL101: NAVY BLUE | AM101: NAVY BLUE
U102: 14 | AA102: FR COMSHADE | AD102: =IF(HLOOKUP($F$6,$AF$93:$AN$111,10,FALSE)=0,"",HLOOKUP($F$6,$AF$93:$AN$111,10,FALSE)) -> #N/A | AF102: MEADOW GREEN | AG102: DESERT SNAD | AH102: SAHARA | AJ102: TERRACOTTA | AK102: LAGUNA BLUE | AL102: BLACK | AM102: BLACK
U103: 15 | AD103: =IF(HLOOKUP($F$6,$AF$93:$AN$111,11,FALSE)=0,"",HLOOKUP($F$6,$AF$93:$AN$111,11,FALSE)) -> #N/A | AF103: LAGUNA BLUE | AG103: STEEL GREY | AH103: VANILLA | AK103: NAVY BLUE | AL103: SLATE | AM103: SLATE
U104: 16 | AD104: =IF(HLOOKUP($F$6,$AF$93:$AN$111,12,FALSE)=0,"",HLOOKUP($F$6,$AF$93:$AN$111,12,FALSE)) -> #N/A | AF104: NAVY BLUE | AG104: RIVERGUM GREEN | AH104: ICE | AK104: TURQUOISE | AL104: BLUE GUM | AM104: BLUE GUM
U105: 17 | AD105: =IF(HLOOKUP($F$6,$AF$93:$AN$111,13,FALSE)=0,"",HLOOKUP($F$6,$AF$93:$AN$111,13,FALSE)) -> #N/A | AF105: TURQUOISE | AG105: TURQUOISE | AH105: BLACK | AK105: RUST GOLD | AL105: SILVER | AM105: SILVER
U106: 18 | AD106: =IF(HLOOKUP($F$6,$AF$93:$AN$111,14,FALSE)=0,"",HLOOKUP($F$6,$AF$93:$AN$111,14,FALSE)) -> #N/A | AF106: RUST GOLD | AG106: NATURAL | AH106: CHARCOAL | AK106: MIST GREEN | AL106: LIGHT GREEN | AM106: LIGHT GREEN
U107: 19 | AD107: =IF(HLOOKUP($F$6,$AF$93:$AN$111,15,FALSE)=0,"",HLOOKUP($F$6,$AF$93:$AN$111,15,FALSE)) -> #N/A | AF107: MIST GREEN | AL107: MIDNIGHT GREEN | AM107: MIDNIGHT GREEN
U108: 1 | V108: ASPIRE | W108: AQUATIC BLUE | AD108: =IF(HLOOKUP($F$6,$AF$93:$AN$111,16,FALSE)=0,"",HLOOKUP($F$6,$AF$93:$AN$111,16,FALSE)) -> #N/A | AF108: TERRACOTTA
U109: 2 | W109: BLACK | AD109: =IF(HLOOKUP($F$6,$AF$93:$AN$111,17,FALSE)=0,"",HLOOKUP($F$6,$AF$93:$AN$111,17,FALSE)) -> #N/A | AF109: SUNFLOWER YELLOW
U110: 3 | W110: BRUNSWICK GREEN | AD110: =IF(HLOOKUP($F$6,$AF$93:$AN$111,18,FALSE)=0,"",HLOOKUP($F$6,$AF$93:$AN$111,18,FALSE)) -> #N/A | AF110: ICE WHITE
U111: 4 | W111: LIGHT BEIGE | AD111: =IF(HLOOKUP($F$6,$AF$93:$AN$111,19,FALSE)=0,"",HLOOKUP($F$6,$AF$93:$AN$111,19,FALSE)) -> #N/A | AF111: MULBERRY
U112: 5 | W112: WHITE | AD112: =IF(HLOOKUP($F$6,$AF$93:$AN$112,20,FALSE)=0,"",HLOOKUP($F$6,$AF$93:$AN$112,20,FALSE)) -> #N/A | AF112: CHARCOAL
...

Sheet SaveControl
B1: NAME | C1: Value | D1: Default
A2: DETAILS | B2: =Details!B5 -> Customer Name | C2: =Details!D5 -> Mackay | D2: -
A3: DETAILS | B3: =Details!C7 -> Street: | C3: =Details!D7 -> 0 | D3: -
A4: DETAILS | B4: =Details!C8 -> Suburb: | C4: =Details!D8 -> 0 | D4: -
A5: DETAILS | B5: =Details!C9 -> State: | C5: =Details!D9 -> - | D5: -
A6: DETAILS | B6: =Details!E9 -> Postcode: | C6: =Details!F9 -> - | D6: -
A7: DETAILS | B7: =Details!B13 -> Phone Number: | C7: =Details!D13 -> - | D7: -
A8: DETAILS | B8: =Details!B14 -> Fax Number: | C8: =Details!D14 -> - | D8: -
A9: DETAILS | B9: =Details!B10 -> Email: | C9: =Details!D10 -> - | D9: -
A10: DETAILS | B10: =Details!B18 -> Take off Ropes/Lacing: | C10: =Details!D18 -> 150 | D10: 130
A11: DETAILS | B11: =Details!B23 -> Take Off for T Buckle: | C11: =Details!D23 -> 400 | D11: 210
A12: DETAILS | B12: =Details!B24 -> Take Off for D.S.: | C12: =Details!D24 -> 80 | D12: 32
A13: DETAILS | B13: =Details!B25 -> Cable Style: | C13: =Details!D25 -> Continuous | D13: 0
A14: DETAILS | B14: =Details!B26 -> Delivery Option: | C14: =Details!D26 -> Pickup | D14: Delivery
A15: DETAILS | B15: Fold Direction: | C15: =Details!D27 -> Underside | D15: -
A16: DETAILS | B16: =Details!C11 -> Email Server: | C16: =Details!D11 -> - | D16: -
A17: DETAILS | B17: =Details!C12 -> Email Authentication: | C17: =Details!D12 -> 0
A18: MAIN | B18: =Main!C2 -> DATE: | C18: =Main!F2 -> 46135 | D18: =TODAY() -> 46135
A19: MAIN | B19: =Main!C4 -> REF: | C19: =Main!F4 -> 0 | D19: -
A20: MAIN | B20: =Main!C6 -> BRAND: | C20: =Main!F6 -> Z 16 | D20: 0
A21: MAIN | B21: =Main!C7 -> COLOUR: | C21: =Main!F7 -> CHARCOAL
A22: MAIN | B22: =Main!C9 -> Number of fixing points | C22: =Main!G9 -> 6 | D22: 4
A23: MAIN | B23: =Main!K8 -> 0 | C23: =Main!M8 -> 0 | D23: =Details!D25 -> Continuous
A24: MAIN | B24: =Main!K6 -> 0 | C24: =Main!M6 -> 0 | D24: NO
A25: MAIN | B25: Edge Type | C25: =Main!M9 -> 0
A26: MAIN | B26: =Main!C13 -> A-B | C26: =Main!D13 -> 4370 | D26: -
A27: MAIN | B27: =Main!C14 -> B-C | C27: =Main!D14 -> 4340 | D27: -
A28: MAIN | B28: =Main!C15 -> C-D | C28: =Main!D15 -> 7160 | D28: -
A29: MAIN | B29: =Main!C16 -> D-E | C29: =Main!D16 -> 3490 | D29: -
A30: MAIN | B30: =Main!C17 -> E-F | C30: =Main!D17 -> 2600 | D30: -
A31: MAIN | B31: =Main!C18 -> F-A | C31: =Main!D18 -> 7480 | D31: -
A32: MAIN | B32: =Main!C19 | C32: =Main!D19 -> - | D32: -
A33: MAIN | B33: =Main!C20 | C33: =Main!D20 -> - | D33: -
A34: MAIN | B34: =Main!I13 -> A | C34: =Main!J13 -> 0 | D34: -
A35: MAIN | B35: =Main!I14 -> B | C35: =Main!J14 -> 0 | D35: -
A36: MAIN | B36: =Main!I15 -> C | C36: =Main!J15 -> 0 | D36: -
A37: MAIN | B37: =Main!I16 -> D | C37: =Main!J16 -> 0 | D37: -
A38: MAIN | B38: =Main!I17 -> E | C38: =Main!J17 -> 0 | D38: -
A39: MAIN | B39: =Main!I18 -> F | C39: =Main!J18 -> 0 | D39: -
A40: MAIN | B40: =Main!I19 | C40: =Main!J19 -> 0 | D40: -
A41: MAIN | B41: =Main!I20 | C41: =Main!J20 -> 0 | D41: -
A42: MAIN | B42: =Main!$J$22 -> 0 | C42: =Main!J23 -> 0 | D42: -
A43: MAIN | B43: =Main!$J$22 -> 0 | C43: =Main!J24 -> 0 | D43: -
A44: MAIN | B44: =Main!$J$22 -> 0 | C44: =Main!J25 -> 0 | D44: -
A45: MAIN | B45: =Main!$J$22 -> 0 | C45: =Main!J26 -> 0 | D45: -
A46: MAIN | B46: =Main!$J$22 -> 0 | C46: =Main!J27 -> 0 | D46: -
A47: MAIN | B47: =Main!$J$22 -> 0 | C47: =Main!J28 -> 0 | D47: -
A48: MAIN | B48: =Main!B27&" "&Print!C28 -> A-C | C48: =Main!D24 -> 7750 | D48: -
A49: MAIN | B49: =Main!B28&" "&Print!C29 -> A-D | C49: =Main!D25 -> 10420 | D49: -
A50: MAIN | B50: =Main!B29&" "&Print!C30 -> A-E | C50: =Main!D26 -> 8280 | D50: -
A51: MAIN | B51: =Main!B30&" "&Print!C31 -> B-D | C51: =Main!D27 -> 8300 | D51: -
A52: MAIN | B52: =Main!B31&" "&Print!C32 -> B-E | C52: =Main!D28 -> 7390 | D52: -
A53: MAIN | B53: =Main!B32&" "&Print!C33 -> B-F | C53: =Main!D29 -> 8020 | D53: -
A54: MAIN | B54: =Main!B33&" "&Print!C34 -> C-E | C54: =Main!D30 -> 8080 | D54: -
A55: MAIN | B55: =Main!B34&" "&Print!C35 -> C-F | C55: =Main!D31 -> 9570 | D55: -
A56: MAIN | B56: =Main!B35&" "&Print!C36 -> D-F | C56: =Main!D32 -> 5990 | D56: -
A57: MAIN | B57: =Main!B36&" "&Print!C37 | C57: =Main!D33 -> - | D57: -
A58: MAIN | B58: =Main!B37&" "&Print!C38 | C58: =Main!D34 -> - | D58: -
A59: MAIN | B59: =Main!B38&" "&Print!C39 | C59: =Main!D35 -> - | D59: -
... A67: MAIN | B67: =Main!B46&" "&Print!C47 | C67: =Main!D43 -> - | D67: -
A68: MAIN | B68: Version: | C68: =Details!D15 -> 1.8 | D68: 1.8
A69: MAIN | B69: =Main!$F$11 -> OFFSET | C69: =Main!F13 -> 0.05 | D69: =IF(AND(Main!M13="SAIL TRACK",Main!M14="SAIL TRACK"),0%,8%) -> 0.08
A70: MAIN | B70: =Main!$F$11 -> OFFSET | C70: =Main!F14 -> 0.05 | D70: =IF(AND(Main!M14="SAIL TRACK",Main!M15="SAIL TRACK"),0%,8%) -> 0.08
A71: MAIN | B71: =Main!$F$11 -> OFFSET | C71: =Main!F15 -> 0.05 | D71: =IF(AND(Main!M15="SAIL TRACK",VLOOKUP(RIGHT(Main!C15,1),Main!$I$13:$M$20,5,FALSE)="SAIL TRACK"),0%,8%) -> 0.08
A72: MAIN | B72: =Main!$F$11 -> OFFSET | C72: =Main!F16 -> 0.05 | D72: =IF(AND(Main!M16="SAIL TRACK",VLOOKUP(RIGHT(Main!C16,1),Main!$I$13:$M$20,5,FALSE)="SAIL TRACK"),0%,8%) -> 0.08
A73: MAIN | B73: =Main!$F$11 -> OFFSET | C73: =Main!F17 -> 0.05 | D73: =IF(AND(Main!M17="SAIL TRACK",VLOOKUP(RIGHT(Main!C17,1),Main!$I$13:$M$20,5,FALSE)="SAIL TRACK"),0%,8%) -> 0.08
A74: MAIN | B74: =Main!$F$11 -> OFFSET | C74: =Main!F18 -> 0.05 | D74: =IF(AND(Main!M18="SAIL TRACK",VLOOKUP(RIGHT(Main!C18,1),Main!$I$13:$M$20,5,FALSE)="SAIL TRACK"),0%,8%) -> 0.08
A75: MAIN | B75: =Main!$F$11 -> OFFSET | C75: =Main!F19 -> 0.05 | D75: =IF(AND(Main!M19="SAIL TRACK",VLOOKUP(RIGHT(Main!C19,1),Main!$I$13:$M$20,5,FALSE)="SAIL TRACK"),0%,8%) -> 0.08
A76: MAIN | B76: =Main!$F$11 -> OFFSET | C76: =Main!F20 -> 0.05 | D76: =IF(AND(Main!M20="SAIL TRACK",VLOOKUP(RIGHT(Main!C20,1),Main!$I$13:$M$20,5,FALSE)="SAIL TRACK"),0%,8%) -> 0.08
A77: MAIN | B77: =Main!$H$11 -> Exit Point | C77: =Main!H13 -> - | D77: -
A78: MAIN | B78: =Main!$H$11 -> Exit Point | C78: =Main!H14 -> - | D78: -
A79: MAIN | B79: =Main!$H$11 -> Exit Point | C79: =Main!H15 -> - | D79: -
A80: MAIN | B80: =Main!$H$11 -> Exit Point | C80: =Main!H16 -> - | D80: -
A81: MAIN | B81: =Main!$H$11 -> Exit Point | C81: =Main!H17 -> 0 | D81: -
A82: MAIN | B82: =Main!$H$11 -> Exit Point | C82: =Main!H18 -> - | D82: -
A83: MAIN | B83: =Main!$H$11 -> Exit Point | C83: =Main!H19 -> - | D83: -
A84: MAIN | B84: =Main!$H$11 -> Exit Point | C84: =Main!H20 -> - | D84: -
A85: MAIN | B85: =Main!$L$11 -> FIXED TO | C85: =Main!L13 -> 0 | D85: -
A86: MAIN | B86: =Main!$L$11 -> FIXED TO | C86: =Main!L14 -> 0 | D86: -
A87: MAIN | B87: =Main!$L$11 -> FIXED TO | C87: =Main!L15 -> 0 | D87: -
A88: MAIN | B88: =Main!$L$11 -> FIXED TO | C88: =Main!L16 -> 0 | D88: -
A89: MAIN | B89: =Main!$L$11 -> FIXED TO | C89: =Main!L17 -> 0 | D89: -
A90: MAIN | B90: =Main!$L$11 -> FIXED TO | C90: =Main!L18 -> - | D90: -
A91: MAIN | B91: =Main!$L$11 -> FIXED TO | C91: =Main!L19 -> - | D91: -
A92: MAIN | B92: =Main!$L$11 -> FIXED TO | C92: =Main!L20 -> - | D92: -
A93: MAIN | B93: =Main!$M$11 -> FIXING | C93: =Main!M13 -> 0 | D93: -
A94: MAIN | B94: =Main!$M$11 -> FIXING | C94: =Main!M14 -> 0 | D94: -
A95: MAIN | B95: =Main!$M$11 -> FIXING | C95: =Main!M15 -> 0 | D95: -
A96: MAIN | B96: =Main!$M$11 -> FIXING | C96: =Main!M16 -> 0 | D96: -
A97: MAIN | B97: =Main!$M$11 -> FIXING | C97: =Main!M17 -> 0 | D97: -
A98: MAIN | B98: =Main!$M$11 -> FIXING | C98: =Main!M18 -> - | D98: -
A99: MAIN | B99: =Main!$M$11 -> FIXING | C99: =Main!M19 -> - | D99: -
A100: MAIN | B100: =Main!$M$11 -> FIXING | C100: =Main!M20 -> - | D100: -
A101: MAIN | B101: =Main!$N$10 -> TAKE OFF LENGTH | C101: =Main!N13 -> #N/A | D101: =VLOOKUP(Main!M13,Main!$P$13:$Q$18,2,FALSE) -> #N/A
A102: MAIN | B102: =Main!$N$10 -> TAKE OFF LENGTH | C102: =Main!N14 -> #N/A | D102: =VLOOKUP(Main!M14,Main!$P$13:$Q$18,2,FALSE) -> #N/A
A103: MAIN | B103: =Main!$N$10 -> TAKE OFF LENGTH | C103: =Main!N15 -> #N/A | D103: =VLOOKUP(Main!M15,Main!$P$13:$Q$18,2,FALSE) -> #N/A
A104: MAIN | B104: =Main!$N$10 -> TAKE OFF LENGTH | C104: =Main!N16 -> #N/A | D104: =VLOOKUP(Main!M16,Main!$P$13:$Q$18,2,FALSE) -> #N/A
A105: MAIN | B105: =Main!$N$10 -> TAKE OFF LENGTH | C105: =Main!N17 -> #N/A | D105: =VLOOKUP(Main!M17,Main!$P$13:$Q$18,2,FALSE) -> #N/A
A106: MAIN | B106: =Main!$N$10 -> TAKE OFF LENGTH | C106: =Main!N18 -> #N/A | D106: =VLOOKUP(Main!M18,Main!$P$13:$Q$18,2,FALSE) -> #N/A
A107: MAIN | B107: =Main!$N$10 -> TAKE OFF LENGTH | C107: =Main!N19 -> #N/A | D107: =VLOOKUP(Main!M19,Main!$P$13:$Q$18,2,FALSE) -> #N/A
...

Sheet shade check
C3: CUSTOMER: | F3: JUSTIN
C4: REF: | F4: 56 magnesium drive PH 38036000
C5: COLOUR: | F5: =Print!F6 -> Z 16
C7: Number of Posts: | G7: =Print!G9 -> 6 | AT7: =IF(G7=3,(Z12*Z12),(AT8*AT8)) -> 64320400 | AW7: 0 | AX7: 0
AT8: =VLOOKUP(CONCATENATE("B-",HLOOKUP("A",H11:H18,G7,FALSE)),C25:Y44,23,FALSE) -> 8020 | AW8: 0.04 | AX8: 3.145
C9: POINT-POINT | F9: OFFSET | G9: TAG | H9: POST HEIGHT | K9: FIXED TO | L9: FIXING | M9: T/ LENGTH | O9: 180º | Z9: 0 REF | AB9: DIFFER BETWEEN POSTS | AI9: Trace X | AJ9: Trace Y | AK9: T Length | AL9: T angle | AO9: new X | AP9: new Y | AW9: 0.05 | AX9: 2.525
Q10: A | R10: B | S10: C | T10: D | U10: E | V10: F | W10: G | X10: H | AE10: ANGLE | AG10: 0 | AH10: 0 | AM10: 0 | AN10: 0 | AO10: 0 | AP10: 0 | AR10: =(G7-2)*180 -> 720 | AW10: 0.06 | AX10: 2.1135 | AZ10: X | BA10: Y | BB10: DIST | BC10: MID X | BD10: MID Y | BE10: ANGLE | BG10: CENTRE
C11: A-B | D11: =Print!D14 -> 4370 | E11: =Print!E14 -> 0 | F11: =Print!G14 -> 0.05 | G11: =Print!I14 -> - | H11: A | I11: =Print!L14 -> 0 | K11: =Print!M14 -> 0 | L11: =Print!N14 -> 0 | M11: =Print!O14 -> #N/A | O11: =IF(LEFT(Print!P14,3)="180",180,0) -> 0 | Q11: =IF(OR(LEFT(C11,1)="A",RIGHT(C11,1)="A"),"A","") -> A | R11: =IF(OR(LEFT(C11,1)="B",RIGHT(C11,1)="B"),"B","") -> B | S11: =IF(OR(LEFT(C11,1)="C",RIGHT(C11,1)="C"),"C","") | T11: =IF(OR(LEFT(C11,1)="D",RIGHT(C11,1)="D"),"D","") | U11: =IF(OR(LEFT(C11,1)="E",RIGHT(C11,1)="E"),"E","") | V11: =IF(OR(LEFT(C11,1)="F",RIGHT(C11,1)="F"),"F","") | W11: =IF(OR(LEFT(C11,1)="G",RIGHT(C11,1)="G"),"G","") | X11: =IF(OR(LEFT(C11,1)="H",RIGHT(C11,1)="H"),"H","") | Z11: =SQRT((D11*D11)-(AB11*AB11)) -> 4370 | AB11: =I11-I12 -> 0 | AD11: A | AE11: =IF(O11=180,PI(),IF(Main!O13="R",PI()-ACOS(((VLOOKUP("A",Q12:Z18,10,FALSE)*VLOOKUP("A",Q12:Z18,10,FALSE))+(Z11*Z11)-AT7)/(2*Z11*VLOOKUP("A",Q12:Z18,10,FALSE)))+PI(),ACOS(((VLOOKUP("A",Q12:Z18,10,FALSE)*VLOOKUP("A",Q12:Z18,10,FALSE))+(Z11*Z11)-AT7)/(2*Z11*VLOOKUP("A",Q12:Z18,10,FALSE))))) -> 1.4059689 | AF11: =AE11*180/PI() -> 80.556084 | AG11: =Z11 -> 4370 | AH11: =0 -> 0 | AI11: =IF(ISERROR(AK11*COS(AL11)),0,AK11*COS(AL11)) -> 0 | AJ11: =IF(ISERROR(AK11*SIN(AL11)),0,AK11*SIN(AL11)) -> 0 | AK11: =M11 -> #N/A | AL11: =2*PI()-AE11/2 -> 5.5802009 | AM11: =AI11 -> 0 | AN11: =AJ11 -> 0 | AO11: =AG10+AI11 -> 0 | AP11: =(AH10+AJ11) -> 0 | AQ11: =AL11*180/PI() -> 319.72196 | AR11: =SUM(AF11:AF18) -> 644.86563 | AS11: =ABS(AR10-AR11) -> 75.134374 | AT11: =AM11 -> 0 | AU11: =AN11 -> 0 | AW11: 0.07 | AX11: 1.8205 | AZ11: =AM11 -> 0 | BA11: =AN11 -> 0 | BG11: ANGLE | BI11: X | BJ11: Y | BK11: RADIUS | BL11: DIRECTION | BM11: A | BN11: B
C12: B-C | D12: =Print!D15 -> 4340 | E12: =Print!E15 -> 0 | F12: =Print!G15 -> 0.05 | G12: =Print!I15 -> - | H12: B | I12: =Print!L15 -> 0 | K12: =Print!M15 -> 0 | L12: =Print!N15 -> 0 | M12: =Print!O15 -> #N/A | O12: =IF(LEFT(Print!P15,3)="180",180,0) -> 0 | Q12: =IF(OR(LEFT(C12,1)="A",RIGHT(C12,1)="A"),"A","") | R12: =IF(OR(LEFT(C12,1)="B",RIGHT(C12,1)="B"),"B","") -> B | S12: =IF(OR(LEFT(C12,1)="C",RIGHT(C12,1)="C"),"C","") -> C | T12: =IF(OR(LEFT(C12,1)="D",RIGHT(C12,1)="D"),"D","") | U12: =IF(OR(LEFT(C12,1)="E",RIGHT(C12,1)="E"),"E","") | V12: =IF(OR(LEFT(C12,1)="F",RIGHT(C12,1)="F"),"F","") | W12: =IF(OR(LEFT(C12,1)="G",RIGHT(C12,1)="G"),"G","") | X12: =IF(OR(LEFT(C12,1)="H",RIGHT(C12,1)="H"),"H","") | Z12: =SQRT((D12*D12)-(AB12*AB12)) -> 4340 | AB12: =I12-I13 -> 0 | AD12: B | AE12: =IF(O12=180,PI(),IF(Main!O14="R",PI()-IF(G7=3,ACOS(((Z12*Z12)+(Z11*Z11)-(Z13*Z13))/(2*Z11*Z12)),ACOS(((Z12*Z12)+(Z11*Z11)-(Y25*Y25))/(2*Z11*Z12)))+PI(),IF(G7=3,ACOS(((Z12*Z12)+(Z11*Z11)-(Z13*Z13))/(2*Z11*Z12)),ACOS(((Z12*Z12)+(Z11*Z11)-(Y25*Y25))/(2*Z11*Z12))))) -> 2.1937279 | AF12: =AE12*180/PI() -> 125.69135 | AG12: =Z11+(Z12*-COS(AE12)) -> 6902.0366 | AH12: =-Z12*SIN(AE12) -> -3524.8249 | AI12: =IF(ISERROR(AK12*COS(AL12)),0,AK12*COS(AL12)) -> 0 | AJ12: =IF(ISERROR(AK12*SIN(AL12)),0,AK12*SIN(AL12)) -> 0 | AK12: =M12 -> #N/A | AL12: =AE12/2+PI() -> 4.2384566 | AM12: =AG11+AI12 -> 4370 | AN12: =AJ12 -> 0 | AO12: =AG11+AI12 -> 4370 | AP12: =(AH11+AJ12) -> 0 | AQ12: =AL12*180/PI() -> 242.84567 | AT12: =AM12 -> 4370 | AU12: =AN12 -> 0 | AW12: 0.08 | AX12: 1.6025 | AY12: A | AZ12: =AM12 -> 4370 | BA12: =AN12 -> 0 | BB12: =SQRT(((AZ12-AZ11)*(AZ12-AZ11))+((BA12-BA11)*(BA12-BA11))) -> 4370 | BC12: =(AZ12-AZ11)/2+AZ11 -> 2185 | BD12: =(BA12-BA11)/2+BA11 -> 0 | BE12: =IF(AND(AZ12-AZ11>0,BA12-BA11>0),ATAN((BA12-BA11)/(AZ12-AZ11)),IF(AND(AZ12-AZ11<0,BA12-BA11>0),PI()+ATAN((BA12-BA11)/(AZ12-AZ11)),IF(AND(AZ12-AZ11<0,BA12-BA11<0),PI()+ATAN((BA12-BA11)/(AZ12-AZ11)),2*PI()+ATAN((BA12-BA11)/(AZ12-AZ11))))) -> 6.2831853 | BF12: =BE12*180/PI() -> 360 | BG12: =BE12+PI()/2 -> 7.8539816 | BH12: =BG12*180/PI() -> 450 | BI12: =COS(BG12)*(BK12-(BB12*F11))+BC12 -> 2185 | BJ12: =SIN(BG12)*(BK12-(BB12*F11))+BD12 -> 10815.75 | BK12: =BB12*VLOOKUP(F11,$AW$7:$AX$12,2,FALSE) -> 11034.25 | BL12: =IF(ABS(AZ12-AZ11)>ABS(BA12-BA11),"X","Y") -> X | BM12: =IF(BL12="Y",BI12,BJ12) -> 10815.75 | BN12: =IF(BL12="Y",BJ12,BI12) -> 2185
C13: =IF(G7=3,"C-A","C-D") -> C-D | D13: =Print!D16 -> 7160 | E13: =Print!E16 -> 0 | F13: =Print!G16 -> 0.05 | G13: =Print!I16 -> - | H13: C | I13: =Print!L16 -> 0 | K13: =Print!M16 -> 0 | L13: =Print!N16 -> 0 | M13: =Print!O16 -> #N/A | O13: =IF(LEFT(Print!P16,3)="180",180,0) -> 0 | Q13: =IF(OR(LEFT(C13,1)="A",RIGHT(C13,1)="A"),"A","") | R13: =IF(OR(LEFT(C13,1)="B",RIGHT(C13,1)="B"),"B","") | S13: =IF(OR(LEFT(C13,1)="C",RIGHT(C13,1)="C"),"C","") -> C | T13: =IF(OR(LEFT(C13,1)="D",RIGHT(C13,1)="D"),"D","") -> D | U13: =IF(OR(LEFT(C13,1)="E",RIGHT(C13,1)="E"),"E","") | V13: =IF(OR(LEFT(C13,1)="F",RIGHT(C13,1)="F"),"F","") | W13: =IF(OR(LEFT(C13,1)="G",RIGHT(C13,1)="G"),"G","") | X13: =IF(OR(LEFT(C13,1)="H",RIGHT(C13,1)="H"),"H","") | Z13: =SQRT((D13*D13)-(AB13*AB13)) -> 7160 | AB13: =VLOOKUP(LEFT(C13,1),HEIGHT,2,FALSE)-VLOOKUP(RIGHT(C13,1),HEIGHT,2,FALSE) -> 0 | AD13: C | AE13: =IF(O13=180,PI(),IF(Main!O15="R",PI()-IF(G7=3,ACOS(((Z13*Z13)+(Z12*Z12)-(Z11*Z11))/(2*Z12*Z13)),ACOS(((Z13*Z13)+(Z12*Z12)-(VLOOKUP("B-D",C25:Y44,23,FALSE)*VLOOKUP("B-D",C25:Y44,23,FALSE)))/(2*Z12*Z13)))+PI(),IF(G7=3,ACOS(((Z13*Z13)+(Z12*Z12)-(Z11*Z11))/(2*Z12*Z13)),ACOS(((Z13*Z13)+(Z12*Z12)-(VLOOKUP("B-D",C25:Y44,23,FALSE)*VLOOKUP("B-D",C25:Y44,23,FALSE)))/(2*Z12*Z13))))) -> 1.5513064 | AF13: =AE13*180/PI() -> 88.883308 | AG13: =IF(G7<4,0,AG12-(Z13*COS(PI()-AE12-AE13))) -> 1006.5824 | AH13: =IF(G7<4,0,AH12+(Z13*SIN(PI()-AE12-AE13))) -> -7587.9788 | AI13: =IF(ISERROR(AK13*COS(AL13)),0,AK13*COS(AL13)) -> 0 | AJ13: =IF(ISERROR(AK13*SIN(AL13)),0,AK13*SIN(AL13)) -> 0 | AK13: =M13 -> #N/A | AL13: =AE12+PI()-(PI()-AE13)-AE13/2 -> 2.9693811 | AM13: =AG11 -> 4370 | AN13: =AH11 -> 0 | AO13: =AG11 -> 4370 | AP13: =AH11 -> 0 | AQ13: =AL13*180/PI() -> 170.133 | AS13: =IF(AS11/AR10>(0.0085-(0.001*G7)),"ERROR","CORRECT") -> ERROR | AT13: =AM15 -> 6902.0366 | AU13: =AN15 -> -3524.8249 | AY13: B | AZ13: =AM15 -> 6902.0366 | BA13: =AN15 -> -3524.8249 | BB13: =SQRT(((AZ13-AZ12)*(AZ13-AZ12))+((BA13-BA12)*(BA13-BA12))) -> 4340 | BC13: =(AZ13-AZ12)/2+AZ12 -> 5636.0183 | BD13: =(BA13-BA12)/2+BA12 -> -1762.4125 | BE13: =IF(AND(AZ13-AZ12>0,BA13-BA12>0),ATAN((BA13-BA12)/(AZ13-AZ12)),IF(AND(AZ13-AZ12<0,BA13-BA12>0),PI()+ATAN((BA13-BA12)/(AZ13-AZ12)),IF(AND(AZ13-AZ12<0,BA13-BA12<0),PI()+ATAN((BA13-BA12)/(AZ13-AZ12)),2*PI()+ATAN((BA13-BA12)/(AZ13-AZ12))))) -> 5.3353205 | BF13: =BE13*180/PI() -> 305.69135 | BG13: =BE13+PI()/2 -> 6.9061168 | BH13: =BG13*180/PI() -> 395.69135 | BI13: =COS(BG13)*(BK13-(BB13*F12))+BC13 -> 14359.96 | BJ13: =SIN(BG13)*(BK13-(BB13*F12))+BD13 -> 4504.3782 | BK13: =BB13*VLOOKUP(F12,$AW$7:$AX$12,2,FALSE) -> 10958.5 | BL13: =IF(ABS(AZ13-AZ12)>ABS(BA13-BA12),"X","Y") -> Y | BM13: =IF(BL13="Y",BI13,BJ13) -> 14359.96 | BN13: =IF(BL13="Y",BJ13,BI13) -> 4504.3782
C14: =IF(G7=4,"D-A",IF(G7>4,"D-E","")) -> D-E | D14: =Print!D17 -> 3490 | E14: =Print!E17 -> 0 | F14: =Print!G17 -> 0.05 | G14: =Print!I17 -> - | H14: =IF(G7>=4,"D","") -> D | I14: =Print!L17 -> 0 | K14: =Print!M17 -> 0 | L14: =Print!N17 -> 0 | M14: =Print!O17 -> #N/A | O14: =IF(LEFT(Print!P17,3)="180",180,0) -> 0 | Q14: =IF(OR(LEFT(C14,1)="A",RIGHT(C14,1)="A"),"A","") | R14: =IF(OR(LEFT(C14,1)="B",RIGHT(C14,1)="B"),"B","") | S14: =IF(OR(LEFT(C14,1)="C",RIGHT(C14,1)="C"),"C","") | T14: =IF(OR(LEFT(C14,1)="D",RIGHT(C14,1)="D"),"D","") -> D | U14: =IF(OR(LEFT(C14,1)="E",RIGHT(C14,1)="E"),"E","") -> E | V14: =IF(OR(LEFT(C14,1)="F",RIGHT(C14,1)="F"),"F","") | W14: =IF(OR(LEFT(C14,1)="G",RIGHT(C14,1)="G"),"G","") | X14: =IF(OR(LEFT(C14,1)="H",RIGHT(C14,1)="H"),"H","") | Z14: =SQRT((D14*D14)-(AB14*AB14)) -> 3490 | AB14: =VLOOKUP(LEFT(C14,1),HEIGHT,2,FALSE)-VLOOKUP(RIGHT(C14,1),HEIGHT,2,FALSE) -> 0 | AD14: D | AE14: =IF(O14=180,PI(),IF(Main!O16="R",PI()-IF(G7=4,ACOS(((Z14*Z14)+(Z13*Z13)-(Y25*Y25))/(2*Z13*Z14)),ACOS(((Z14*Z14)+(Z13*Z13)-(VLOOKUP("C-E",C25:Y44,23,FALSE)*VLOOKUP("C-E",C25:Y44,23,FALSE)))/(2*Z13*Z14)))+PI(),IF(G7=4,ACOS(((Z14*Z14)+(Z13*Z13)-(Y25*Y25))/(2*Z13*Z14)),ACOS(((Z14*Z14)+(Z13*Z13)-(VLOOKUP("C-E",C25:Y44,23,FALSE)*VLOOKUP("C-E",C25:Y44,23,FALSE)))/(2*Z13*Z14))))) -> 1.6076357 | AF14: =AE14*180/PI() -> 92.110743 | AG14: =IF(G7<5,0,AG13-(Z14*COS(PI()-AE14+(PI()-AE12-AE13)))) -> -1078.4163 | AH14: =IF(G7<5,0,AH13+(Z14*SIN(PI()-AE14+(PI()-AE12-AE13)))) -> -4789.2504 | AI14: =IF(ISERROR(AK14*COS(AL14)),0,AK14*COS(AL14)) -> 0 | AJ14: =IF(ISERROR(AK14*SIN(AL14)),0,AK14*SIN(AL14)) -> 0 | AK14: =M14 -> #N/A | AL14: =PI()+AE12-(PI()-AE13)-(PI()-AE14)-AE14/2 -> 1.4072595 | AM14: =AM12 -> 4370 | AN14: =AN12 -> 0 | AO14: =AO12 -> 4370 | AP14: =AP12 -> 0 | AQ14: =AL14*180/PI() -> 80.630028 | AT14: =AM18 -> 1006.5824 | AU14: =AN18 -> -7587.9788 | AY14: C | AZ14: =AM18 -> 1006.5824 | BA14: =AN18 -> -7587.9788 | BB14: =SQRT(((AZ14-AZ13)*(AZ14-AZ13))+((BA14-BA13)*(BA14-BA13))) -> 7160 | BC14: =(AZ14-AZ13)/2+AZ13 -> 3954.3095 | BD14: =(BA14-BA13)/2+BA13 -> -5556.4018 | BE14: =IF(AND(AZ14-AZ13>0,BA14-BA13>0),ATAN((BA14-BA13)/(AZ14-AZ13)),IF(AND(AZ14-AZ13<0,BA14-BA13>0),PI()+ATAN((BA14-BA13)/(AZ14-AZ13)),IF(AND(AZ14-AZ13<0,BA14-BA13<0),PI()+ATAN((BA14-BA13)/(AZ14-AZ13)),2*PI()+ATAN((BA14-BA13)/(AZ14-AZ13))))) -> 3.7450342 | BF14: =BE14*180/PI() -> 214.57466 | BG14: =BE14+PI()/2 -> 5.3158306 | BH14: =BG14*180/PI() -> 304.57466 | BI14: =COS(BG14)*(BK14-(BB14*F13))+BC14 -> 14010.615 | BJ14: =SIN(BG14)*(BK14-(BB14*F13))+BD14 -> -20147.651 | BK14: =BB14*VLOOKUP(F13,$AW$7:$AX$12,2,FALSE) -> 18079 | BL14: =IF(ABS(AZ14-AZ13)>ABS(BA14-BA13),"X","Y") -> X | BM14: =IF(BL14="Y",BI14,BJ14) -> -20147.651 | BN14: =IF(BL14="Y",BJ14,BI14) -> 14010.615
C15: =IF(G7=5,"E-A",IF(G7>5,"E-F","")) -> E-F | D15: =Print!D18 -> 2600 | E15: =Print!E18 -> 0 | F15: =Print!G18 -> 0.05 | G15: =Print!I18 -> 0 | H15: =IF(G7>=5,"E","") -> E | I15: =Print!L18 -> 0 | K15: =Print!M18 -> 0 | L15: =Print!N18 -> 0 | M15: =Print!O18 -> #N/A | O15: =IF(LEFT(Print!P18,3)="180",180,0) -> 0 | Q15: =IF(OR(LEFT(C15,1)="A",RIGHT(C15,1)="A"),"A","") | R15: =IF(OR(LEFT(C15,1)="B",RIGHT(C15,1)="B"),"B","") | S15: =IF(OR(LEFT(C15,1)="C",RIGHT(C15,1)="C"),"C","") | T15: =IF(OR(LEFT(C15,1)="D",RIGHT(C15,1)="D"),"D","") | U15: =IF(OR(LEFT(C15,1)="E",RIGHT(C15,1)="E"),"E","") -> E | V15: =IF(OR(LEFT(C15,1)="F",RIGHT(C15,1)="F"),"F","") -> F | W15: =IF(OR(LEFT(C15,1)="G",RIGHT(C15,1)="G"),"G","") | X15: =IF(OR(LEFT(C15,1)="H",RIGHT(C15,1)="H"),"H","") | Z15: =SQRT((D15*D15)-(AB15*AB15)) -> 2600 | AB15: =VLOOKUP(LEFT(C15,1),HEIGHT,2,FALSE)-VLOOKUP(RIGHT(C15,1),HEIGHT,2,FALSE) -> 0 | AD15: E | AE15: =IF(O15=180,PI(),IF(Main!O17="R",PI()-IF(G7=5,ACOS(((Z15*Z15)+(Z14*Z14)-(Y26*Y26))/(2*Z14*Z15)),IF(G7<5,0,ACOS(((Z15*Z15)+(Z14*Z14)-(VLOOKUP("D-F",C25:Y44,23,FALSE)*VLOOKUP("D-F",C25:Y44,23,FALSE)))/(2*Z14*Z15))))+PI(),IF(G7=5,ACOS(((Z15*Z15)+(Z14*Z14)-(Y26*Y26))/(2*Z14*Z15)),IF(G7<5,0,ACOS(((Z15*Z15)+(Z14*Z14)-(VLOOKUP("D-F",C25:Y44,23,FALSE)*VLOOKUP("D-F",C25:Y44,23,FALSE)))/(2*Z14*Z15)))))) -> 2.7746712 | AF15: =AE15*180/PI() -> 158.97695 | AG15: =IF(G7<6,0,AG14-(Z15*COS(PI()-AE15+PI()-AE14+(PI()-AE12-AE13)))) -> -1780.3326 | AH15: =IF(G7<6,0,AH14+(Z15*SIN(PI()-AE15+PI()-AE14+(PI()-AE12-AE13)))) -> -2285.7901 | AI15: =IF(ISERROR(AK15*COS(AL15)),0,AK15*COS(AL15)) -> 0 | AJ15: =IF(ISERROR(AK15*SIN(AL15)),0,AK15*SIN(AL15)) -> 0 | AK15: =M15 -> #N/A | AL15: =PI()+AE12-(PI()-AE13)-(PI()-AE14)-(PI()-AE15)-AE15/2 -> 0.45682031 | AM15: =AG12+AI13 -> 6902.0366 | AN15: =AH12+AJ13 -> -3524.8249 | AO15: =AG12 -> 6902.0366 | AP15: =AH12 -> -3524.8249 | AQ15: =AL15*180/PI() -> 26.173876 | AT15: =AM21 -> -1078.4163 | AU15: =AN21 -> -4789.2504 | AY15: D | AZ15: =AM21 -> -1078.4163 | BA15: =AN21 -> -4789.2504 | BB15: =SQRT(((AZ15-AZ14)*(AZ15-AZ14))+((BA15-BA14)*(BA15-BA14))) -> 3490 | BC15: =(AZ15-AZ14)/2+AZ14 -> -35.916943 | BD15: =(BA15-BA14)/2+BA14 -> -6188.6146 | BE15: =IF(AND(AZ15-AZ14>0,BA15-BA14>0),ATAN((BA15-BA14)/(AZ15-AZ14)),IF(AND(AZ15-AZ14<0,BA15-BA14>0),PI()+ATAN((BA15-BA14)/(AZ15-AZ14)),IF(AND(AZ15-AZ14<0,BA15-BA14<0),PI()+ATAN((BA15-BA14)/(AZ15-AZ14)),2*PI()+ATAN((BA15-BA14)/(AZ15-AZ14))))) -> 2.2110773 | BF15: =BE15*180/PI() -> 126.6854 | BG15: =IF(BE15<0,BE15-PI()/2,BE15+PI()/2) -> 3.7818737 | BH15: =BG15*180/PI() -> 216.6854 | BI15: =COS(BG15)*(BK15-(BB15*F14))+BC15 -> -6962.7697 | BJ15: =SIN(BG15)*(BK15-(BB15*F14))+BD15 -> -11348.986 | BK15: =BB15*VLOOKUP(F14,$AW$7:$AX$12,2,FALSE) -> 8812.25 | BL15: =IF(ABS(AZ15-AZ14)>ABS(BA15-BA14),"X","Y") -> Y | BM15: =IF(BL15="Y",BI15,BJ15) -> -6962.7697 | BN15: =IF(BL15="Y",BJ15,BI15) -> -11348.986
C16: =IF(G7=6,"F-A",IF(G7>6,"F-G","")) -> F-A | D16: =Print!D19 -> 7480 | E16: =Print!E19 -> 0 | F16: =Print!G19 -> 0.05 | G16: =Print!I19 -> - | H16: =IF(G7>=6,"F","") -> F | I16: =Print!L19 -> 0 | K16: =Print!M19 -> - | L16: =Print!N19 -> - | M16: =Print!O19 -> #N/A | O16: =IF(LEFT(Print!P19,3)="180",180,0) -> 0 | Q16: =IF(OR(LEFT(C16,1)="A",RIGHT(C16,1)="A"),"A","") -> A | R16: =IF(OR(LEFT(C16,1)="B",RIGHT(C16,1)="B"),"B","") | S16: =IF(OR(LEFT(C16,1)="C",RIGHT(C16,1)="C"),"C","") | T16: =IF(OR(LEFT(C16,1)="D",RIGHT(C16,1)="D"),"D","") | U16: =IF(OR(LEFT(C16,1)="E",RIGHT(C16,1)="E"),"E","") | V16: =IF(OR(LEFT(C16,1)="F",RIGHT(C16,1)="F"),"F","") -> F | W16: =IF(OR(LEFT(C16,1)="G",RIGHT(C16,1)="G"),"G","") | X16: =IF(OR(LEFT(C16,1)="H",RIGHT(C16,1)="H"),"H","") | Z16: =SQRT((D16*D16)-(AB16*AB16)) -> 7480 | AB16: =VLOOKUP(LEFT(C16,1),HEIGHT,2,FALSE)-VLOOKUP(RIGHT(C16,1),HEIGHT,2,FALSE) -> 0 | AD16: F | AE16: =IF(O16=180,PI(),IF(Main!O18="R",PI()-IF(G7=6,ACOS(((Z16*Z16)+(Z15*Z15)-(Y27*Y27))/(2*Z15*Z16)),IF(G7<6,0,ACOS(((Z16*Z16)+(Z15*Z15)-(VLOOKUP("E-G",C25:Y44,23,FALSE)*VLOOKUP("E-G",C25:Y44,23,FALSE)))/(2*Z15*Z16))))+PI(),IF(G7=6,ACOS(((Z16*Z16)+(Z15*Z15)-(Y27*Y27))/(2*Z15*Z16)),IF(G7<6,0,ACOS(((Z16*Z16)+(Z15*Z15)-(VLOOKUP("E-G",C25:Y44,23,FALSE)*VLOOKUP("E-G",C25:Y44,23,FALSE)))/(2*Z15*Z16)))))) -> 1.7217183 | AF16: =AE16*180/PI() -> 98.64719 | AG16: =IF(G7<7,0,AG15-Z16*COS(PI()-AE16+PI()-AE15+PI()-AE14+(PI()-AE12-AE13))) -> 0 | AH16: =IF(G7<7,0,AH15+Z16*SIN(PI()-AE16+PI()-AE15+PI()-AE14+(PI()-AE12-AE13))) -> 0 | AI16: =IF(ISERROR(AK16*COS(AL16)),0,AK16*COS(AL16)) -> 0 | AJ16: =IF(ISERROR(AK16*SIN(AL16)),0,AK16*SIN(AL16)) -> 0 | AK16: =M16 -> #N/A | AL16: =PI()+AE12-(PI()-AE13)-(PI()-AE14)-(PI()-AE15)-(PI()-AE16)-AE16/2 -> -0.43657759 | AM16: =AG12 -> 6902.0366 | AN16: =AH12 -> -3524.8249 | AO16: =AG13 -> 1006.5824 | AP16: =AH13 -> -7587.9788 | AQ16: =AL16*180/PI() -> -25.014054 | AS16: =AS11/AR10 -> 0.1043533 | AT16: =AM24 -> -1780.3326 | AU16: =AN24 -> -2285.7901 | AY16: E | AZ16: =AM24 -> -1780.3326 | BA16: =AN24 -> -2285.7901 | BB16: =SQRT(((AZ16-AZ15)*(AZ16-AZ15))+((BA16-BA15)*(BA16-BA15))) -> 2600 | BC16: =(AZ16-AZ15)/2+AZ15 -> -1429.3744 | BD16: =(BA16-BA15)/2+BA15 -> -3537.5202 | BE16: =IF(AND(AZ16-AZ15>0,BA16-BA15>0),ATAN((BA16-BA15)/(AZ16-AZ15)),IF(AND(AZ16-AZ15<0,BA16-BA15>0),PI()+ATAN((BA16-BA15)/(AZ16-AZ15)),IF(AND(AZ16-AZ15<0,BA16-BA15<0),PI()+ATAN((BA16-BA15)/(AZ16-AZ15)),2*PI()+ATAN((BA16-BA15)/(AZ16-AZ15))))) -> 1.8441559 | BF16: =BE16*180/PI() -> 105.66235 | BG16: =IF(BE16<0,BE16-PI()/2,BE16+PI()/2) -> 3.4149523 | BH16: =BG16*180/PI() -> 195.66235 | BI16: =COS(BG16)*(BK16-(BB16*F15))+BC16 -> -7625.4387 | BJ16: =SIN(BG16)*(BK16-(BB16*F15))+BD16 -> -5274.7631 | BK16: =BB16*VLOOKUP(F15,$AW$7:$AX$12,2,FALSE) -> 6565 | BL16: =IF(ABS(AZ16-AZ15)>ABS(BA16-BA15),"X","Y") -> Y | BM16: =IF(BL16="Y",BI16,BJ16) -> -7625.4387 | BN16: =IF(BL16="Y",BJ16,BI16) -> -5274.7631
C17: =IF(G7=7,"G-A",IF(G7>7,"G-H","")) | D17: =Print!D20 -> - | E17: =Print!E20 -> 0 | F17: =Print!G20 -> 0.05 | G17: =Print!I20 -> - | H17: =IF(G7>=7,"G","") | I17: =Print!L20 -> 0 | K17: =Print!M20 -> - | L17: =Print!N20 -> - | M17: =Print!O20 -> #N/A | O17: =IF(LEFT(Print!P20,3)="180",180,0) -> 0 | Q17: =IF(OR(LEFT(C17,1)="A",RIGHT(C17,1)="A"),"A","") | R17: =IF(OR(LEFT(C17,1)="B",RIGHT(C17,1)="B"),"B","") | S17: =IF(OR(LEFT(C17,1)="C",RIGHT(C17,1)="C"),"C","") | T17: =IF(OR(LEFT(C17,1)="D",RIGHT(C17,1)="D"),"D","") | U17: =IF(OR(LEFT(C17,1)="E",RIGHT(C17,1)="E"),"E","") | V17: =IF(OR(LEFT(C17,1)="F",RIGHT(C17,1)="F"),"F","") | W17: =IF(OR(LEFT(C17,1)="G",RIGHT(C17,1)="G"),"G","") | X17: =IF(OR(LEFT(C17,1)="H",RIGHT(C17,1)="H"),"H","") | Z17: =SQRT((D17*D17)-(AB17*AB17)) -> #VALUE! | AB17: =VLOOKUP(LEFT(C17,1),HEIGHT,2,FALSE)-VLOOKUP(RIGHT(C17,1),HEIGHT,2,FALSE) -> 0 | AD17: G | AE17: =IF(O17=180,PI(),IF(Main!O19="R",PI()-IF(G7=7,ACOS(((Z17*Z17)+(Z16*Z16)-(Y28*Y28))/(2*Z16*Z17)),IF(G7<7,0,ACOS(((Z17*Z17)+(Z16*Z16)-(VLOOKUP("F-H",C25:Y44,23,FALSE)*VLOOKUP("F-H",C25:Y44,23,FALSE)))/(2*Z16*Z17))))+PI(),IF(G7=7,ACOS(((Z17*Z17)+(Z16*Z16)-(Y28*Y28))/(2*Z16*Z17)),IF(G7<7,0,ACOS(((Z17*Z17)+(Z16*Z16)-(VLOOKUP("F-H",C25:Y44,23,FALSE)*VLOOKUP("F-H",C25:Y44,23,FALSE)))/(2*Z16*Z17)))))) -> 0 | AF17: =AE17*180/PI() -> 0 | AG17: =IF(G7<8,0,Z18*COS(AE11)) -> 0 | AH17: =IF(G7<8,0,-Z18*SIN(AE11)) -> 0 | AI17: =IF(ISERROR(AK17*COS(AL17)),0,AK17*COS(AL17)) -> 0 | AJ17: =IF(ISERROR(AK17*SIN(AL17)),0,AK17*SIN(AL17)) -> 0 | AK17: =M17 -> #N/A | AL17: =PI()+AE12-(PI()-AE13)-(PI()-AE14)-(PI()-AE15)-(PI()-AE16)-(PI()-AE17)-AE17/2 -> -2.7173111 | AM17: =AM15 -> 6902.0366 | AN17: =AN15 -> -3524.8249 | AO17: =AO11 -> 0 | AP17: =AP11 -> 0 | AQ17: =AL17*180/PI() -> -155.69046 | AS17: =0.0085-(0.001*G7) -> 0.0025 | AT17: =AM27 -> 0 | AU17: =AN27 -> 0 | AY17: F | AZ17: =AM27 -> 0 | BA17: =AN27 -> 0 | BB17: =SQRT(((AZ17-AZ16)*(AZ17-AZ16))+((BA17-BA16)*(BA17-BA16))) -> 2897.3126 | BC17: =(AZ17-AZ16)/2+AZ16 -> -890.16629 | BD17: =(BA17-BA16)/2+BA16 -> -1142.895 | BE17: =IF(AND(AZ17-AZ16>0,BA17-BA16>0),ATAN((BA17-BA16)/(AZ17-AZ16)),IF(AND(AZ17-AZ16<0,BA17-BA16>0),PI()+ATAN((BA17-BA16)/(AZ17-AZ16)),IF(AND(AZ17-AZ16<0,BA17-BA16<0),PI()+ATAN((BA17-BA16)/(AZ17-AZ16)),2*PI()+ATAN((BA17-BA16)/(AZ17-AZ16))))) -> 0.90907318 | BF17: =BE17*180/PI() -> 52.086057 | BG17: =IF(BE17<0,BE17-PI()/2,BE17+PI()/2) -> 2.4798695 | BH17: =BG17*180/PI() -> 142.08606 | BI17: =COS(BG17)*(BK17-(BB17*F16))+BC17 -> -6547.4967 | BJ17: =SIN(BG17)*(BK17-(BB17*F16))+BD17 -> 3263.4281 | BK17: =BB17*VLOOKUP(F16,$AW$7:$AX$12,2,FALSE) -> 7315.7144 | BL17: =IF(ABS(AZ17-AZ16)>ABS(BA17-BA16),"X","Y") -> Y | BM17: =IF(BL17="Y",BI17,BJ17) -> -6547.4967 | BN17: =IF(BL17="Y",BJ17,BI17) -> 3263.4281
C18: =IF(G7=8,"H-A",IF(G7>8,"NO MORE!","")) | D18: =Print!D21 -> - | E18: =Print!E21 -> 0 | F18: =Print!G21 -> 0.05 | G18: =Print!I21 -> - | H18: =IF(G7>=8,"H","") | I18: =Print!L21 -> 0 | K18: =Print!M21 -> - | L18: =Print!N21 -> - | M18: =Print!O21 -> #N/A | O18: =IF(LEFT(Print!P21,3)="180",180,0) -> 0 | Q18: =IF(OR(LEFT(C18,1)="A",RIGHT(C18,1)="A"),"A","") | R18: =IF(OR(LEFT(C18,1)="B",RIGHT(C18,1)="B"),"B","") | S18: =IF(OR(LEFT(C18,1)="C",RIGHT(C18,1)="C"),"C","") | T18: =IF(OR(LEFT(C18,1)="D",RIGHT(C18,1)="D"),"D","") | U18: =IF(OR(LEFT(C18,1)="E",RIGHT(C18,1)="E"),"E","") | V18: =IF(OR(LEFT(C18,1)="F",RIGHT(C18,1)="F"),"F","") | W18: =IF(OR(LEFT(C18,1)="G",RIGHT(C18,1)="G"),"G","") | X18: =IF(OR(LEFT(C18,1)="H",RIGHT(C18,1)="H"),"H","") | Z18: =SQRT((D18*D18)-(AB18*AB18)) -> #VALUE! | AB18: =VLOOKUP(LEFT(C18,1),HEIGHT,2,FALSE)-VLOOKUP(RIGHT(C18,1),HEIGHT,2,FALSE) -> 0 | AD18: H | AE18: =IF(O18=180,PI(),IF(Main!O20="R",PI()-IF(G7=8,ACOS(((Z18*Z18)+(Z17*Z17)-(Y29*Y29))/(2*Z17*Z18)),IF(G7<8,0,0))+PI(),IF(G7=8,ACOS(((Z18*Z18)+(Z17*Z17)-(Y29*Y29))/(2*Z17*Z18)),IF(G7<8,0,0)))) -> 0 | AF18: =AE18*180/PI() -> 0 | AG18: =0 -> 0 | AH18: =0 -> 0 | AI18: =IF(ISERROR(AK18*COS(AL18)),0,AK18*COS(AL18)) -> 0 | AJ18: =IF(ISERROR(AK18*SIN(AL18)),0,AK18*SIN(AL18)) -> 0 | AK18: =M18 -> #N/A | AL18: =PI()+AE12-(PI()-AE13)-(PI()-AE14)-(PI()-AE15)-(PI()-AE16)-(PI()-AE17)-(PI()-AE18)-AE18/2 -> -5.8589038 | AM18: =IF(G7>3,AG13+AI14,AG13+AI11) -> 1006.5824 | AN18: =IF(G7>3,AH13+AJ14,AH13+AJ11) -> -7587.9788 | AQ18: =AL18*180/PI() -> -335.69046 | AT18: =AM30 -> 0 | AU18: =AN30 -> 0 | AY18: G | AZ18: =AM30 -> 0 | BA18: =AN30 -> 0 | BB18: =SQRT(((AZ18-AZ17)*(AZ18-AZ17))+((BA18-BA17)*(BA18-BA17))) -> 0 | BC18: =(AZ18-AZ17)/2+AZ17 -> 0 | BD18: =(BA18-BA17)/2+BA17 -> 0 | BE18: =IF(AND(AZ18-AZ17>0,BA18-BA17>0),ATAN((BA18-BA17)/(AZ18-AZ17)),IF(AND(AZ18-AZ17<0,BA18-BA17>0),PI()+ATAN((BA18-BA17)/(AZ18-AZ17)),IF(AND(AZ18-AZ17<0,BA18-BA17<0),PI()+ATAN((BA18-BA17)/(AZ18-AZ17)),2*PI()+ATAN((BA18-BA17)/(AZ18-AZ17))))) -> #DIV/0! | BF18: =BE18*180/PI() -> #DIV/0! | BG18: =IF(BE18<0,BE18-PI()/2,BE18+PI()/2) -> #DIV/0! | BH18: =BG18*180/PI() -> #DIV/0! | BI18: =COS(BG18)*(BK18-(BB18*F17))+BC18 -> #DIV/0! | BJ18: =SIN(BG18)*(BK18-(BB18*F17))+BD18 -> #DIV/0! | BK18: =BB18*VLOOKUP(F17,$AW$7:$AX$12,2,FALSE) -> 0 | BL18: =IF(ABS(AZ18-AZ17)>ABS(BA18-BA17),"X","Y") -> Y | BM18: =IF(BL18="Y",BI18,BJ18) -> #DIV/0! | BN18: =IF(BL18="Y",BJ18,BI18) -> #DIV/0!
K19: Corner Fitting | L19: =Print!#REF! -> #REF! | AM19: =AG13 -> 1006.5824 | AN19: =AH13 -> -7587.9788 | AY19: H | AZ19: =AM33 -> 0 | BA19: =AN33 -> 0 | BB19: =SQRT(((AZ19-AZ18)*(AZ19-AZ18))+((BA19-BA18)*(BA19-BA18))) -> 0 | BC19: =(AZ19-AZ18)/2+AZ18 -> 0 | BD19: =(BA19-BA18)/2+BA18 -> 0 | BE19: =IF(AND(AZ19-AZ18>0,BA19-BA18>0),ATAN((BA19-BA18)/(AZ19-AZ18)),IF(AND(AZ19-AZ18<0,BA19-BA18>0),PI()+ATAN((BA19-BA18)/(AZ19-AZ18)),IF(AND(AZ19-AZ18<0,BA19-BA18<0),PI()+ATAN((BA19-BA18)/(AZ19-AZ18)),2*PI()+ATAN((BA19-BA18)/(AZ19-AZ18))))) -> #DIV/0! | BF19: =BE19*180/PI() -> #DIV/0! | BG19: =IF(BE19<0,BE19-PI()/2,BE19+PI()/2) -> #DIV/0! | BH19: =BG19*180/PI() -> #DIV/0! | BI19: =COS(BG19)*(BK19-(BB19*F18))+BC19 -> #DIV/0! | BJ19: =SIN(BG19)*(BK19-(BB19*F18))+BD19 -> #DIV/0! | BK19: =BB19*VLOOKUP(F18,$AW$7:$AX$12,2,FALSE) -> 0 | BL19: =IF(ABS(AZ19-AZ18)>ABS(BA19-BA18),"X","Y") -> Y | BM19: =IF(BL19="Y",BI19,BJ19) -> #DIV/0! | BN19: =IF(BL19="Y",BJ19,BI19) -> #DIV/0!
C20: =IF(ISERROR(IF(AS13="ERROR","ERROR","")),"",IF(AS13="ERROR","- ERROR - REMEASURE","")) -> - ERROR - REMEASURE | G20: Error | I20: Comments: | AM20: =AM18 -> 1006.5824 | AN20: =AN18 -> -7587.9788
G21: =IF(G7=3,0,AS16) -> 0.1043533 | I21: =Print!K24 -> 0 | AE21: =PI()-ACOS(((Z15*Z15)+(Z14*Z14)-(VLOOKUP("D-F",C25:Y44,23,FALSE)*VLOOKUP("D-F",C25:Y44,23,FALSE)))/(2*Z14*Z15))+PI() -> 3.5085141 | AF21: =PI()-ACOS(((Z15*Z15)+(Z14*Z14)-(VLOOKUP("D-F",C25:Y44,23,FALSE)*VLOOKUP("D-F",C25:Y44,23,FALSE)))/(2*Z14*Z15)) -> 0.36692141 | AH21: =(Z13*SIN(PI()-AE12-AE13)) -> -4063.1539 | AM21: =IF(G7>4,AG14+AI15,AG14+AI11) -> -1078.4163 | AN21: =IF(G7>4,AH14+AJ15,AH10+AJ11) -> -4789.2504 | BD21: Raw angles | BT21: bt | BW21: bw | BZ21: bz | CC21: cc
I22: =Print!K25 -> 0 | AE22: =VLOOKUP("D-F",C25:Y44,23,FALSE) -> 5990 | AM22: =AG14 -> -1078.4163 | AN22: =AH14 -> -4789.2504 | AZ22: offsets | BB22: Act Dist | BD22: =ATAN((BA12-BA11)/(AZ12-AZ11)) -> 0 | BE22: =BD22*180/PI() -> 0 | BG22: =IF(BL12="X",HLOOKUP("Y",AZ10:BA19,3,FALSE)-HLOOKUP("Y",AZ10:BA19,2,FALSE),HLOOKUP("X",AZ10:BA19,3,FALSE)-HLOOKUP("X",AZ10:BA19,2,FALSE)) -> 0 | BH22: =BG22/10 -> 0 | BJ22: =IF(BL13="X",HLOOKUP("Y",AZ10:BA19,4,FALSE)-HLOOKUP("Y",AZ10:BA19,3,FALSE),HLOOKUP("X",AZ10:BA19,4,FALSE)-HLOOKUP("X",AZ10:BA19,3,FALSE)) -> 2532.0366 | BK22: =BJ22/10 -> 253.20366 | BM22: =IF(BL14="X",HLOOKUP("Y",AZ10:BA19,5,FALSE)-HLOOKUP("Y",AZ10:BA19,4,FALSE),HLOOKUP("X",AZ10:BA19,5,FALSE)-HLOOKUP("X",AZ10:BA19,4,FALSE)) -> -4063.1539 | BN22: =BM22/10 -> -406.31539 | BP22: =IF(BL15="X",HLOOKUP("Y",AZ10:BA19,6,FALSE)-HLOOKUP("Y",AZ10:BA19,5,FALSE),HLOOKUP("X",AZ10:BA19,6,FALSE)-HLOOKUP("X",AZ10:BA19,5,FALSE)) -> -2084.9987 | BQ22: =BP22/10 -> -208.49987 | BS22: =IF(BL16="X",HLOOKUP("Y",AZ10:BA19,7,FALSE)-HLOOKUP("Y",AZ10:BA19,6,FALSE),HLOOKUP("X",AZ10:BA19,7,FALSE)-HLOOKUP("X",AZ10:BA19,6,FALSE)) -> -701.91631 | BT22: =BS22/10 -> -70.191631 | BV22: =IF(BL17="X",HLOOKUP("Y",AZ10:BA19,8,FALSE)-HLOOKUP("Y",AZ10:BA19,7,FALSE),HLOOKUP("X",AZ10:BA19,8,FALSE)-HLOOKUP("X",AZ10:BA19,7,FALSE)) -> 1780.3326 | BW22: =BV22/10 -> 178.03326 | BY22: =IF(BL18="X",HLOOKUP("Y",AZ10:BA19,9,FALSE)-HLOOKUP("Y",AZ10:BA19,8,FALSE),HLOOKUP("X",AZ10:BA19,9,FALSE)-HLOOKUP("X",AZ10:BA19,8,FALSE)) -> 0 | BZ22: =BY22/10 -> 0 | CB22: =IF(BL19="X",HLOOKUP("Y",AZ10:BA19,10,FALSE)-HLOOKUP("Y",AZ10:BA19,9,FALSE),HLOOKUP("X",AZ10:BA19,10,FALSE)-HLOOKUP("X",AZ10:BA19,9,FALSE)) -> 0 | CC22: =CB22/10 -> 0
C23: DIAGONAL POINT TO POINT | I23: =Print!K26 -> 0 | AM23: =AM21 -> -1078.4163 | AN23: =AN21 -> -4789.2504 | AZ23: =IF(ISERROR(BB12*F11),0,BB12*F11) -> 218.5 | BB23: =IF(ISERROR(SQRT((BB12*BB12)+((AB11-BD39)*(AB11-BD39)))),0,SQRT((BB12*BB12)+((AB11-BD39)*(AB11-BD39)))) -> 0 | BD23: =ATAN((BA13-BA12)/(AZ13-AZ12)) -> -0.94786479 | BE23: =BD23*180/PI() -> -54.308652 | BG23: =HLOOKUP(BL12,AZ10:BA19,3,FALSE)-HLOOKUP(BL12,AZ10:BA19,2,FALSE) -> 4370 | BH23: =BG23/10 -> 437 | BJ23: =HLOOKUP(BL13,AZ10:BA19,4,FALSE)-HLOOKUP(BL13,AZ10:BA19,3,FALSE) -> -3524.8249 | BK23: =BJ23/10 -> -352.48249 | BM23: =HLOOKUP(BL14,AZ10:BA19,5,FALSE)-HLOOKUP(BL14,AZ10:BA19,4,FALSE) -> -5895.4542 | BN23: =BM23/10 -> -589.54542 | BP23: =HLOOKUP(BL15,AZ10:BA19,6,FALSE)-HLOOKUP(BL15,AZ10:BA19,5,FALSE) -> 2798.7284 | BQ23: =BP23/10 -> 279.87284 | BS23: =HLOOKUP(BL16,AZ10:BA19,7,FALSE)-HLOOKUP(BL16,AZ10:BA19,6,FALSE) -> 2503.4603 | BT23: =BS23/10 -> 250.34603 | BV23: =HLOOKUP(BL17,AZ10:BA19,8,FALSE)-HLOOKUP(BL17,AZ10:BA19,7,FALSE) -> 2285.7901 | BW23: =BV23/10 -> 228.57901 | BY23: =HLOOKUP(BL18,AZ10:BA19,9,FALSE)-HLOOKUP(BL18,AZ10:BA19,8,FALSE) -> 0 | BZ23: =BY23/10 -> 0 | CB23: =HLOOKUP(BL19,AZ10:BA19,10,FALSE)-HLOOKUP(BL19,AZ10:BA19,9,FALSE) -> 0 | CC23: =CB23/10 -> 0
I24: =Print!K27 -> 0 | AE24: BOX | AG24: x diff | AH24: y diff | AM24: =IF(G7>5,AG15+AI16,AG15+AI11) -> -1780.3326 | AN24: =IF(G7>5,AH15+AJ16,AH15+AJ11) -> -2285.7901 | AZ24: =IF(ISERROR(BB13*F12),0,BB13*F12) -> 217 | BB24: =IF(ISERROR(SQRT((BB13*BB13)+((AB12-BD40)*(AB12-BD40)))),0,SQRT((BB13*BB13)+((AB12-BD40)*(AB12-BD40)))) -> 0 | BD24: =ATAN((BA14-BA13)/(AZ14-AZ13)) -> 0.60344159 | BE24: =BD24*180/PI() -> 34.574656 | BF24: 1 | BG24: =BG25-BH23 -> 0 | BH24: =IF($BK$12=0,IF($BL$12="X",$BA$11,$AZ$11),IF($AS$34,(SQRT(($BK$12*$BK$12)-((BG24-$BN$12)*(BG24-$BN$12)))+$BM$12),(-SQRT(($BK$12*$BK$12)-((BG24-$BN$12)*(BG24-$BN$12)))+$BM$12))) -> 0 | BI24: 1 | BJ24: =HLOOKUP(BL13,AZ10:BA19,3,FALSE) -> 0 | BK24: =IF($BK$13=0,IF($BL$13="X",$BA$12,$AZ$12),IF($AT$34,(SQRT(($BK$13*$BK$13)-((BJ24-$BN$13)*(BJ24-$BN$13)))+$BM$13),(-SQRT(($BK$13*$BK$13)-((BJ24-$BN$13)*(BJ24-$BN$13)))+$BM$13))) -> 4370 | BL24: 1 | BM24: =HLOOKUP(BL14,AZ10:BA19,4,FALSE) -> 6902.0366 | BN24: =IF($BK$14=0,IF($BL$14="X",$BA$13,$AZ$13),IF($AU$34,(SQRT(($BK$14*$BK$14)-((BM24-$BN$14)*(BM24-$BN$14)))+$BM$14),(-SQRT(($BK$14*$BK$14)-((BM24-$BN$14)*(BM24-$BN$14)))+$BM$14))) -> -3524.8249 | BO24: 1 | BP24: =HLOOKUP(BL15,AZ10:BA19,5,FALSE) -> -7587.9788 | BQ24: =IF($BK$15=0,IF(BL15="X",$BA$14,$AZ$14),IF($AV$34,(SQRT(($BK$15*$BK$15)-((BP24-$BN$15)*(BP24-$BN$15)))+$BM$15),(-SQRT(($BK$15*$BK$15)-((BP24-$BN$15)*(BP24-$BN$15)))+$BM$15))) -> 1006.5824 | BR24: 1 | BS24: =HLOOKUP(BL16,AZ10:BA19,6,FALSE) -> -4789.2504 | BT24: =IF($BK$16=0,IF(BL16="X",$BA$15,$AZ$15),IF($AW$34,(SQRT(($BK$16*$BK$16)-((BS24-$BN$16)*(BS24-$BN$16)))+$BM$16),(-SQRT(($BK$16*$BK$16)-((BS24-$BN$16)*(BS24-$BN$16)))+$BM$16))) -> -1078.4163 | BU24: 1 | BV24: =HLOOKUP(BL17,AZ10:BA19,7,FALSE) -> -2285.7901 | BW24: =IF($BK$17=0,IF(BL17="X",$BA$16,$AZ$16),IF($AX$34,(SQRT(($BK$17*$BK$17)-((BV24-$BN$17)*(BV24-$BN$17)))+$BM$17),(-SQRT(($BK$17*$BK$17)-((BV24-$BN$17)*(BV24-$BN$17)))+$BM$17))) -> -1780.3326 | BX24: 1 | BY24: =HLOOKUP(BL18,AZ10:BA19,8,FALSE) -> 0 | BZ24: =IF($BK$18=0,IF(BL18="X",$BA$17,$AZ$17),IF($AY$34,(SQRT(($BK$18*$BK$18)-((BY24-$BN$18)*(BY24-$BN$18)))+$BM$18),(-SQRT(($BK$18*$BK$18)-((BY24-$BN$18)*(BY24-$BN$18)))+$BM$18))) -> 0 | CA24: 1 | CB24: =HLOOKUP(BL19,AZ10:BA19,9,FALSE) -> 0 | CC24: =IF($BK$19=0,IF(BL19="X",$BA$18,$AZ$18),IF($AZ$34,(SQRT(($BK$19*$BK$19)-((CB24-$BN$19)*(CB24-$BN$19)))+$BM$19),(-SQRT(($BK$19*$BK$19)-((CB24-$BN$19)*(CB24-$BN$19)))+$BM$19))) -> 0
B25: 1 | C25: =IF(G7<4,"","A-C") -> A-C | D25: =Print!D28 -> 7750 | I25: =Print!K28 -> 0 | Y25: =SQRT((D25*D25)-(AA25*AA25)) -> 7750 | AA25: =VLOOKUP(LEFT(C25,1),HEIGHT,2,FALSE)-VLOOKUP(RIGHT(C25,1),HEIGHT,2,FALSE) -> 0 | AG25: =MAX(AG11:AG18)-MIN(AG11:AG18) -> 8682.3692 | AH25: =MAX(AH11:AH18)-MIN(AH11:AH18) -> 7587.9788 | AI25: =IF(AG25>AH25,"X","Y") -> X | AM25: =AG15 -> -1780.3326 | AN25: =AH15 -> -2285.7901 | AZ25: =IF(ISERROR(BB14*F13),0,BB14*F13) -> 358 | BB25: =IF(ISERROR(SQRT((BB14*BB14)+((AB13-BD41)*(AB13-BD41)))),0,SQRT((BB14*BB14)+((AB13-BD41)*(AB13-BD41)))) -> 0 | BD25: =ATAN((BA15-BA14)/(AZ15-AZ14)) -> -0.93051531 | BE25: =BD25*180/PI() -> -53.3146 | BF25: 2 | BG25: =HLOOKUP(BL12,AZ10:BA19,2,FALSE)+BH23 -> 437 | BH25: =IF($BK$12=0,BH24+$BH$22,IF($AS$33,(SQRT(($BK$12*$BK$12)-((BG25-$BN$12)*(BG25-$BN$12)))+$BM$12),(-SQRT(($BK$12*$BK$12)-((BG25-$BN$12)*(BG25-$BN$12)))+$BM$12))) -> -79.164826 | BI25: 2 | BJ25: =BJ24+$BK$23 -> -352.48249 | BK25: =IF($BK$13=0,BK24+$BK$22,IF($AT$33,(SQRT(($BK$13*$BK$13)-((BJ25-$BN$13)*(BJ25-$BN$13)))+$BM$13),(-SQRT(($BK$13*$BK$13)-((BJ25-$BN$13)*(BJ25-$BN$13)))+$BM$13))) -> 4536.5376 | BL25: 2 | BM25: =BM24+$BN$23 -> 6312.4912 | BN25: =IF($BK$14=0,BN24+$BN$22,IF($AU$33,(SQRT(($BK$14*$BK$14)-((BM25-$BN$14)*(BM25-$BN$14)))+$BM$14),(-SQRT(($BK$14*$BK$14)-((BM25-$BN$14)*(BM25-$BN$14)))+$BM$14))) -> -3789.4994 | BO25: 2 | BP25: =BP24+$BQ$23 -> -7308.1059 | BQ25: =IF($BK$15=0,BQ24+$BQ$22,IF($AV$33,(SQRT(($BK$15*$BK$15)-((BP25-$BN$15)*(BP25-$BN$15)))+$BM$15),(-SQRT(($BK$15*$BK$15)-((BP25-$BN$15)*(BP25-$BN$15)))+$BM$15))) -> 868.38833 | BR25: 2 | BS25: =BS24+$BT$23 -> -4538.9044 | BT25: =IF($BK$16=0,BT24+$BT$22,IF($AW$33,(SQRT(($BK$16*$BK$16)-((BS25-$BN$16)*(BS25-$BN$16)))+$BM$16),(-SQRT(($BK$16*$BK$16)-((BS25-$BN$16)*(BS25-$BN$16)))+$BM$16))) -> -1101.8096 | BU25: 2 | BV25: =BV24+$BW$23 -> -2057.2111 | BW25: =IF($BK$17=0,BW24+$BW$22,IF($AX$33,(SQRT(($BK$17*$BK$17)-((BV25-$BN$17)*(BV25-$BN$17)))+$BM$17),(-SQRT(($BK$17*$BK$17)-((BV25-$BN$17)*(BV25-$BN$17)))+$BM$17))) -> -1526.4933 | BX25: 2 | BY25: =BY24+$BZ$23 -> 0 | BZ25: =IF($BK$18=0,BZ24+$BZ$22,IF($AY$33,(SQRT(($BK$18*$BK$18)-((BY25-$BN$18)*(BY25-$BN$18)))+$BM$18),(-SQRT(($BK$18*$BK$18)-((BY25-$BN$18)*(BY25-$BN$18)))+$BM$18))) -> 0 | CA25: 2 | CB25: =CB24+$CC$23 -> 0 | CC25: =IF($BK$19=0,CC24+$CC$22,IF($AZ$33,(SQRT(($BK$19*$BK$19)-((CB25-$BN$19)*(CB25-$BN$19)))+$BM$19),(-SQRT(($BK$19*$BK$19)-((CB25-$BN$19)*(CB25-$BN$19)))+$BM$19))) -> 0
B26: 2 | C26: =IF(G7=4,"B-D",IF(G7>4,"A-D","")) -> A-D | D26: =Print!D29 -> 10420 | I26: =Print!K29 -> 0 | Y26: =SQRT((D26*D26)-(AA26*AA26)) -> 10420 | AA26: =VLOOKUP(LEFT(C26,1),HEIGHT,2,FALSE)-VLOOKUP(RIGHT(C26,1),HEIGHT,2,FALSE) -> 0 | AG26: x-min | AH26: y-min | AM26: =AM24 -> -1780.3326 | AN26: =AN24 -> -2285.7901 | AZ26: =IF(ISERROR(BB15*F14),0,BB15*F14) -> 174.5 | BB26: =IF(ISERROR(SQRT((BB15*BB15)+((AB14-BD42)*(AB14-BD42)))),0,SQRT((BB15*BB15)+((AB14-BD42)*(AB14-BD42)))) -> 0 | BD26: =ATAN((BA16-BA15)/(AZ16-AZ15)) -> -1.2974367 | BE26: =BD26*180/PI() -> -74.337648 | BF26: 3 | BG26: =BG25+$BH$23 -> 874 | BH26: =IF($BK$12=0,BH25+$BH$22,IF($AS$33,(SQRT(($BK$12*$BK$12)-((BG26-$BN$12)*(BG26-$BN$12)))+$BM$12),(-SQRT(($BK$12*$BK$12)-((BG26-$BN$12)*(BG26-$BN$12)))+$BM$12))) -> -140.34201 | BI26: 3 | BJ26: =BJ25+$BK$23 -> -704.96498 | BK26: =IF($BK$13=0,BK25+$BK$22,IF($AT$33,(SQRT(($BK$13*$BK$13)-((BJ26-$BN$13)*(BJ26-$BN$13)))+$BM$13),(-SQRT(($BK$13*$BK$13)-((BJ26-$BN$13)*(BJ26-$BN$13)))+$BM$13))) -> 4718.8259 | BL26: 3 | BM26: =BM25+$BN$23 -> 5722.9458 | BN26: =IF($BK$14=0,BN25+$BN$22,IF($AU$33,(SQRT(($BK$14*$BK$14)-((BM26-$BN$14)*(BM26-$BN$14)))+$BM$14),(-SQRT(($BK$14*$BK$14)-((BM26-$BN$14)*(BM26-$BN$14)))+$BM$14))) -> -4080.1443 | BO26: 3 | BP26: =BP25+$BQ$23 -> -7028.2331 | BQ26: =IF($BK$15=0,BQ25+$BQ$22,IF($AV$33,(SQRT(($BK$15*$BK$15)-((BP26-$BN$15)*(BP26-$BN$15)))+$BM$15),(-SQRT(($BK$15*$BK$15)-((BP26-$BN$15)*(BP26-$BN$15)))+$BM$15))) -> 717.51949 | BR26: 3 | BS26: =BS25+$BT$23 -> -4288.5583 | BT26: =IF($BK$16=0,BT25+$BT$22,IF($AW$33,(SQRT(($BK$16*$BK$16)-((BS26-$BN$16)*(BS26-$BN$16)))+$BM$16),(-SQRT(($BK$16*$BK$16)-((BS26-$BN$16)*(BS26-$BN$16)))+$BM$16))) -> -1134.936 | BU26: 3 | BV26: =BV25+$BW$23 -> -1828.6321 | BW26: =IF($BK$17=0,BW25+$BW$22,IF($AX$33,(SQRT(($BK$17*$BK$17)-((BV26-$BN$17)*(BV26-$BN$17)))+$BM$17),(-SQRT(($BK$17*$BK$17)-((BV26-$BN$17)*(BV26-$BN$17)))+$BM$17))) -> -1294.8212 | BX26: 3 | BY26: =BY25+$BZ$23 -> 0 | BZ26: =IF($BK$18=0,BZ25+$BZ$22,IF($AY$33,(SQRT(($BK$18*$BK$18)-((BY26-$BN$18)*(BY26-$BN$18)))+$BM$18),(-SQRT(($BK$18*$BK$18)-((BY26-$BN$18)*(BY26-$BN$18)))+$BM$18))) -> 0 | CA26: 3 | CB26: =CB25+$CC$23 -> 0 | CC26: =IF($BK$19=0,CC25+$CC$22,IF($AZ$33,(SQRT(($BK$19*$BK$19)-((CB26-$BN$19)*(CB26-$BN$19)))+$BM$19),(-SQRT(($BK$19*$BK$19)-((CB26-$BN$19)*(CB26-$BN$19)))+$BM$19))) -> 0
B27: 3 | C27: =IF(G7=5,"B-D",IF(G7>5,"A-E","")) -> A-E | D27: =Print!D30 -> 8280 | Y27: =SQRT((D27*D27)-(AA27*AA27)) -> 8280 | AA27: =VLOOKUP(LEFT(C27,1),HEIGHT,2,FALSE)-VLOOKUP(RIGHT(C27,1),HEIGHT,2,FALSE) -> 0 | AG27: =MIN(AG11:AG18) -> -1780.3326 | AH27: =MIN(AH11:AH18) -> -7587.9788 | AM27: =IF(G7>6,AG16+AI17,AG16+AI11) -> 0 | AN27: =IF(G7>6,AH16+AJ17,AH16+AJ11) -> 0 | AZ27: =IF(ISERROR(BB16*F15),0,BB16*F15) -> 130 | BB27: =IF(ISERROR(SQRT((BB16*BB16)+((AB15-BD43)*(AB15-BD43)))),0,SQRT((BB16*BB16)+((AB15-BD43)*(AB15-BD43)))) -> 0 | BD27: =ATAN((BA17-BA16)/(AZ17-AZ16)) -> 0.90907318 | BE27: =BD27*180/PI() -> 52.086057 | BF27: 4 | BG27: =BG26+$BH$23 -> 1311 | BH27: =IF($BK$12=0,BH26+$BH$22,IF($AS$33,(SQRT(($BK$12*$BK$12)-((BG27-$BN$12)*(BG27-$BN$12)))+$BM$12),(-SQRT(($BK$12*$BK$12)-((BG27-$BN$12)*(BG27-$BN$12)))+$BM$12))) -> -183.83168 | BI27: 4 | BJ27: =BJ26+$BK$23 -> -1057.4475 | BK27: =IF($BK$13=0,BK26+$BK$22,IF($AT$33,(SQRT(($BK$13*$BK$13)-((BJ27-$BN$13)*(BJ27-$BN$13)))+$BM$13),(-SQRT(($BK$13*$BK$13)-((BJ27-$BN$13)*(BJ27-$BN$13)))+$BM$13))) -> 4917.777 | BL27: 4 | BM27: =BM26+$BN$23 -> 5133.4003 | BN27: =IF($BK$14=0,BN26+$BN$22,IF($AU$33,(SQRT(($BK$14*$BK$14)-((BM27-$BN$14)*(BM27-$BN$14)))+$BM$14),(-SQRT(($BK$14*$BK$14)-((BM27-$BN$14)*(BM27-$BN$14)))+$BM$14))) -> -4398.1973 | BO27: 4 | BP27: =BP26+$BQ$23 -> -6748.3603 | BQ27: =IF($BK$15=0,BQ26+$BQ$22,IF($AV$33,(SQRT(($BK$15*$BK$15)-((BP27-$BN$15)*(BP27-$BN$15)))+$BM$15),(-SQRT(($BK$15*$BK$15)-((BP27-$BN$15)*(BP27-$BN$15)))+$BM$15))) -> 553.21263 | BR27: 4 | BS27: =BS26+$BT$23 -> -4038.2123 | BT27: =IF($BK$16=0,BT26+$BT$22,IF($AW$33,(SQRT(($BK$16*$BK$16)-((BS27-$BN$16)*(BS27-$BN$16)))+$BM$16),(-SQRT(($BK$16*$BK$16)-((BS27-$BN$16)*(BS27-$BN$16)))+$BM$16))) -> -1177.9456 | BU27: 4 | BV27: =BV26+$BW$23 -> -1600.0531 | BW27: =IF($BK$17=0,BW26+$BW$22,IF($AX$33,(SQRT(($BK$17*$BK$17)-((BV27-$BN$17)*(BV27-$BN$17)))+$BM$17),(-SQRT(($BK$17*$BK$17)-((BV27-$BN$17)*(BV27-$BN$17)))+$BM$17))) -> -1082.4965 | BX27: 4 | BY27: =BY26+$BZ$23 -> 0 | BZ27: =IF($BK$18=0,BZ26+$BZ$22,IF($AY$33,(SQRT(($BK$18*$BK$18)-((BY27-$BN$18)*(BY27-$BN$18)))+$BM$18),(-SQRT(($BK$18*$BK$18)-((BY27-$BN$18)*(BY27-$BN$18)))+$BM$18))) -> 0 | CA27: 4 | CB27: =CB26+$CC$23 -> 0 | CC27: =IF($BK$19=0,CC26+$CC$22,IF($AZ$33,(SQRT(($BK$19*$BK$19)-((CB27-$BN$19)*(CB27-$BN$19)))+$BM$19),(-SQRT(($BK$19*$BK$19)-((CB27-$BN$19)*(CB27-$BN$19)))+$BM$19))) -> 0
B28: 4 | C28: =IF(G7=5,"B-E",IF(G7=6,"B-D",IF(G7>6,"A-F",""))) -> B-D | D28: =Print!D31 -> 8300 | Y28: =SQRT((D28*D28)-(AA28*AA28)) -> 8300 | AA28: =VLOOKUP(LEFT(C28,1),HEIGHT,2,FALSE)-VLOOKUP(RIGHT(C28,1),HEIGHT,2,FALSE) -> 0 | AG28: x-max | AH28: y-max | AM28: =AG16 -> 0 | AN28: =AH16 -> 0 | AZ28: =IF(ISERROR(BB17*F16),0,BB17*F16) -> 144.86563 | BB28: =IF(ISERROR(SQRT((BB17*BB17)+((AB16-BD44)*(AB16-BD44)))),0,SQRT((BB17*BB17)+((AB16-BD44)*(AB16-BD44)))) -> 0 | BD28: =ATAN((BA18-BA17)/(AZ18-AZ17)) -> #DIV/0! | BE28: =BD28*180/PI() -> #DIV/0! | BF28: 5 | BG28: =BG27+$BH$23 -> 1748 | BH28: =IF($BK$12=0,BH27+$BH$22,IF($AS$33,(SQRT(($BK$12*$BK$12)-((BG28-$BN$12)*(BG28-$BN$12)))+$BM$12),(-SQRT(($BK$12*$BK$12)-((BG28-$BN$12)*(BG28-$BN$12)))+$BM$12))) -> -209.84314 | BI28: 5 | BJ28: =BJ27+$BK$23 -> -1409.93 | BK28: =IF($BK$13=0,BK27+$BK$22,IF($AT$33,(SQRT(($BK$13*$BK$13)-((BJ28-$BN$13)*(BJ28-$BN$13)))+$BM$13),(-SQRT(($BK$13*$BK$13)-((BJ28-$BN$13)*(BJ28-$BN$13)))+$BM$13))) -> 5134.4691 | BL28: 5 | BM28: =BM27+$BN$23 -> 4543.8549 | BN28: =IF($BK$14=0,BN27+$BN$22,IF($AU$33,(SQRT(($BK$14*$BK$14)-((BM28-$BN$14)*(BM28-$BN$14)))+$BM$14),(-SQRT(($BK$14*$BK$14)-((BM28-$BN$14)*(BM28-$BN$14)))+$BM$14))) -> -4745.3562 | BO28: 5 | BP28: =BP27+$BQ$23 -> -6468.4874 | BQ28: =IF($BK$15=0,BQ27+$BQ$22,IF($AV$33,(SQRT(($BK$15*$BK$15)-((BP28-$BN$15)*(BP28-$BN$15)))+$BM$15),(-SQRT(($BK$15*$BK$15)-((BP28-$BN$15)*(BP28-$BN$15)))+$BM$15))) -> 374.56504 | BR28: 5 | BS28: =BS27+$BT$23 -> -3787.8663 | BT28: =IF($BK$16=0,BT27+$BT$22,IF($AW$33,(SQRT(($BK$16*$BK$16)-((BS28-$BN$16)*(BS28-$BN$16)))+$BM$16),(-SQRT(($BK$16*$BK$16)-((BS28-$BN$16)*(BS28-$BN$16)))+$BM$16))) -> -1231.0378 | BU28: 5 | BV28: =BV27+$BW$23 -> -1371.474 | BW28: =IF($BK$17=0,BW27+$BW$22,IF($AX$33,(SQRT(($BK$17*$BK$17)-((BV28-$BN$17)*(BV28-$BN$17)))+$BM$17),(-SQRT(($BK$17*$BK$17)-((BV28-$BN$17)*(BV28-$BN$17)))+$BM$17))) -> -887.34139 | BX28: 5 | BY28: =BY27+$BZ$23 -> 0 | BZ28: =IF($BK$18=0,BZ27+$BZ$22,IF($AY$33,(SQRT(($BK$18*$BK$18)-((BY28-$BN$18)*(BY28-$BN$18)))+$BM$18),(-SQRT(($BK$18*$BK$18)-((BY28-$BN$18)*(BY28-$BN$18)))+$BM$18))) -> 0 | CA28: 5 | CB28: =CB27+$CC$23 -> 0 | CC28: =IF($BK$19=0,CC27+$CC$22,IF($AZ$33,(SQRT(($BK$19*$BK$19)-((CB28-$BN$19)*(CB28-$BN$19)))+$BM$19),(-SQRT(($BK$19*$BK$19)-((CB28-$BN$19)*(CB28-$BN$19)))+$BM$19))) -> 0
B29: 5 | C29: =IF(G7=5,"C-E",IF(G7=6,"B-E",IF(G7=7,"B-D",IF(G7=8,"A-G","")))) -> B-E | D29: =Print!D32 -> 7390 | Y29: =SQRT((D29*D29)-(AA29*AA29)) -> 7390 | AA29: =VLOOKUP(LEFT(C29,1),HEIGHT,2,FALSE)-VLOOKUP(RIGHT(C29,1),HEIGHT,2,FALSE) -> 0 | AG29: =MAX(AG11:AG18) -> 6902.0366 | AH29: =MAX(AH11:AH18) -> 0 | AM29: =AM27 -> 0 | AN29: =AN27 -> 0 | AZ29: =IF(ISERROR(BB18*F17),0,BB18*F17) -> 0 | BB29: =IF(ISERROR(SQRT((BB18*BB18)+((AB17-BD45)*(AB17-BD45)))),0,SQRT((BB18*BB18)+((AB17-BD45)*(AB17-BD45)))) -> 0 | BD29: =ATAN((BA19-BA18)/(AZ19-AZ18)) -> #DIV/0! | BE29: =BD29*180/PI() -> #DIV/0! | BF29: 6 | BG29: =BG28+$BH$23 -> 2185 | BH29: =IF($BK$12=0,BH28+$BH$22,IF($AS$33,(SQRT(($BK$12*$BK$12)-((BG29-$BN$12)*(BG29-$BN$12)))+$BM$12),(-SQRT(($BK$12*$BK$12)-((BG29-$BN$12)*(BG29-$BN$12)))+$BM$12))) -> -218.5 | BI29: 6 | BJ29: =BJ28+$BK$23 -> -1762.4125 | BK29: =IF($BK$13=0,BK28+$BK$22,IF($AT$33,(SQRT(($BK$13*$BK$13)-((BJ29-$BN$13)*(BJ29-$BN$13)))+$BM$13),(-SQRT(($BK$13*$BK$13)-((BJ29-$BN$13)*(BJ29-$BN$13)))+$BM$13))) -> 5370.1848 | BL29: 6 | BM29: =BM28+$BN$23 -> 3954.3095 | BN29: =IF($BK$14=0,BN28+$BN$22,IF($AU$33,(SQRT(($BK$14*$BK$14)-((BM29-$BN$14)*(BM29-$BN$14)))+$BM$14),(-SQRT(($BK$14*$BK$14)-((BM29-$BN$14)*(BM29-$BN$14)))+$BM$14))) -> -5123.6385 | BO29: 6 | BP29: =BP28+$BQ$23 -> -6188.6146 | BQ29: =IF($BK$15=0,BQ28+$BQ$22,IF($AV$33,(SQRT(($BK$15*$BK$15)-((BP29-$BN$15)*(BP29-$BN$15)))+$BM$15),(-SQRT(($BK$15*$BK$15)-((BP29-$BN$15)*(BP29-$BN$15)))+$BM$15))) -> 180.50085 | BR29: 6 | BS29: =BS28+$BT$23 -> -3537.5202 | BT29: =IF($BK$16=0,BT28+$BT$22,IF($AW$33,(SQRT(($BK$16*$BK$16)-((BS29-$BN$16)*(BS29-$BN$16)))+$BM$16),(-SQRT(($BK$16*$BK$16)-((BS29-$BN$16)*(BS29-$BN$16)))+$BM$16))) -> -1294.4662 | BU29: 6 | BV29: =BV28+$BW$23 -> -1142.895 | BW29: =IF($BK$17=0,BW28+$BW$22,IF($AX$33,(SQRT(($BK$17*$BK$17)-((BV29-$BN$17)*(BV29-$BN$17)))+$BM$17),(-SQRT(($BK$17*$BK$17)-((BV29-$BN$17)*(BV29-$BN$17)))+$BM$17))) -> -707.63434 | BX29: 6 | BY29: =BY28+$BZ$23 -> 0 | BZ29: =IF($BK$18=0,BZ28+$BZ$22,IF($AY$33,(SQRT(($BK$18*$BK$18)-((BY29-$BN$18)*(BY29-$BN$18)))+$BM$18),(-SQRT(($BK$18*$BK$18)-((BY29-$BN$18)*(BY29-$BN$18)))+$BM$18))) -> 0 | CA29: 6 | CB29: =CB28+$CC$23 -> 0 | CC29: =IF($BK$19=0,CC28+$CC$22,IF($AZ$33,(SQRT(($BK$19*$BK$19)-((CB29-$BN$19)*(CB29-$BN$19)))+$BM$19),(-SQRT(($BK$19*$BK$19)-((CB29-$BN$19)*(CB29-$BN$19)))+$BM$19))) -> 0
B30: 6 | C30: =IF(G7=6,"B-F",IF(G7=7,"B-E",IF(G7=8,"B-D",""))) -> B-F | D30: =Print!D33 -> 8020 | Y30: =SQRT((D30*D30)-(AA30*AA30)) -> 8020 | AA30: =VLOOKUP(LEFT(C30,1),HEIGHT,2,FALSE)-VLOOKUP(RIGHT(C30,1),HEIGHT,2,FALSE) -> 0 | AJ30: X | AK30: 0.73333333 | AM30: =IF(G7>7,AG17+AI18,AG17+AI11) -> 0 | AN30: =IF(G7>7,AH17+AJ18,AH17+AJ11) -> 0 | AZ30: =IF(ISERROR(BB19*F18),0,BB19*F18) -> 0 | BB30: =IF(ISERROR(SQRT((BB19*BB19)+((AB18-BD46)*(AB18-BD46)))),0,SQRT((BB19*BB19)+((AB18-BD46)*(AB18-BD46)))) -> 0 | BF30: 7 | BG30: =BG29+$BH$23 -> 2622 | BH30: =IF($BK$12=0,BH29+$BH$22,IF($AS$33,(SQRT(($BK$12*$BK$12)-((BG30-$BN$12)*(BG30-$BN$12)))+$BM$12),(-SQRT(($BK$12*$BK$12)-((BG30-$BN$12)*(BG30-$BN$12)))+$BM$12))) -> -209.84314 | BI30: 7 | BJ30: =BJ29+$BK$23 -> -2114.8949 | BK30: =IF($BK$13=0,BK29+$BK$22,IF($AT$33,(SQRT(($BK$13*$BK$13)-((BJ30-$BN$13)*(BJ30-$BN$13)))+$BM$13),(-SQRT(($BK$13*$BK$13)-((BJ30-$BN$13)*(BJ30-$BN$13)))+$BM$13))) -> 5626.4643 | BL30: 7 | BM30: =BM29+$BN$23 -> 3364.7641 | BN30: =IF($BK$14=0,BN29+$BN$22,IF($AU$33,(SQRT(($BK$14*$BK$14)-((BM30-$BN$14)*(BM30-$BN$14)))+$BM$14),(-SQRT(($BK$14*$BK$14)-((BM30-$BN$14)*(BM30-$BN$14)))+$BM$14))) -> -5535.4612 | BO30: 7 | BP30: =BP29+$BQ$23 -> -5908.7417 | BQ30: =IF($BK$15=0,BQ29+$BQ$22,IF($AV$33,(SQRT(($BK$15*$BK$15)-((BP30-$BN$15)*(BP30-$BN$15)))+$BM$15),(-SQRT(($BK$15*$BK$15)-((BP30-$BN$15)*(BP30-$BN$15)))+$BM$15))) -> -30.274509 | BR30: 7 | BS30: =BS29+$BT$23 -> -3287.1742 | BT30: =IF($BK$16=0,BT29+$BT$22,IF($AW$33,(SQRT(($BK$16*$BK$16)-((BS30-$BN$16)*(BS30-$BN$16)))+$BM$16),(-SQRT(($BK$16*$BK$16)-((BS30-$BN$16)*(BS30-$BN$16)))+$BM$16))) -> -1368.5452 | BU30: 7 | BV30: =BV29+$BW$23 -> -914.31603 | BW30: =IF($BK$17=0,BW29+$BW$22,IF($AX$33,(SQRT(($BK$17*$BK$17)-((BV30-$BN$17)*(BV30-$BN$17)))+$BM$17),(-SQRT(($BK$17*$BK$17)-((BV30-$BN$17)*(BV30-$BN$17)))+$BM$17))) -> -541.98839 | BX30: 7 | BY30: =BY29+$BZ$23 -> 0 | BZ30: =IF($BK$18=0,BZ29+$BZ$22,IF($AY$33,(SQRT(($BK$18*$BK$18)-((BY30-$BN$18)*(BY30-$BN$18)))+$BM$18),(-SQRT(($BK$18*$BK$18)-((BY30-$BN$18)*(BY30-$BN$18)))+$BM$18))) -> 0 | CA30: 7 | CB30: =CB29+$CC$23 -> 0 | CC30: =IF($BK$19=0,CC29+$CC$22,IF($AZ$33,(SQRT(($BK$19*$BK$19)-((CB30-$BN$19)*(CB30-$BN$19)))+$BM$19),(-SQRT(($BK$19*$BK$19)-((CB30-$BN$19)*(CB30-$BN$19)))+$BM$19))) -> 0
B31: 7 | C31: =IF(G7=6,"C-E",IF(G7=7,"B-F",IF(G7=8,"B-E",""))) -> C-E | D31: =Print!D34 -> 8080 | Y31: =SQRT((D31*D31)-(AA31*AA31)) -> 8080 | AA31: =VLOOKUP(LEFT(C31,1),HEIGHT,2,FALSE)-VLOOKUP(RIGHT(C31,1),HEIGHT,2,FALSE) -> 0 | AJ31: Y | AK31: 1.3636364 | AM31: =AG17 -> 0 | AN31: =AH17 -> 0 | BF31: 8 | BG31: =BG30+$BH$23 -> 3059 | BH31: =IF($BK$12=0,BH30+$BH$22,IF($AS$33,(SQRT(($BK$12*$BK$12)-((BG31-$BN$12)*(BG31-$BN$12)))+$BM$12),(-SQRT(($BK$12*$BK$12)-((BG31-$BN$12)*(BG31-$BN$12)))+$BM$12))) -> -183.83168 | BI31: 8 | BJ31: =BJ30+$BK$23 -> -2467.3774 | BK31: =IF($BK$13=0,BK30+$BK$22,IF($AT$33,(SQRT(($BK$13*$BK$13)-((BJ31-$BN$13)*(BJ31-$BN$13)))+$BM$13),(-SQRT(($BK$13*$BK$13)-((BJ31-$BN$13)*(BJ31-$BN$13)))+$BM$13))) -> 5905.1775 | BL31: 8 | BM31: =BM30+$BN$23 -> 2775.2187 | BN31: =IF($BK$14=0,BN30+$BN$22,IF($AU$33,(SQRT(($BK$14*$BK$14)-((BM31-$BN$14)*(BM31-$BN$14)))+$BM$14),(-SQRT(($BK$14*$BK$14)-((BM31-$BN$14)*(BM31-$BN$14)))+$BM$14))) -> -5983.7497 | BO31: 8 | BP31: =BP30+$BQ$23 -> -5628.8689 | BQ31: =IF($BK$15=0,BQ30+$BQ$22,IF($AV$33,(SQRT(($BK$15*$BK$15)-((BP31-$BN$15)*(BP31-$BN$15)))+$BM$15),(-SQRT(($BK$15*$BK$15)-((BP31-$BN$15)*(BP31-$BN$15)))+$BM$15))) -> -259.33719 | BR31: 8 | BS31: =BS30+$BT$23 -> -3036.8282 | BT31: =IF($BK$16=0,BT30+$BT$22,IF($AW$33,(SQRT(($BK$16*$BK$16)-((BS31-$BN$16)*(BS31-$BN$16)))+$BM$16),(-SQRT(($BK$16*$BK$16)-((BS31-$BN$16)*(BS31-$BN$16)))+$BM$16))) -> -1453.6584 | BU31: 8 | BV31: =BV30+$BW$23 -> -685.73702 | BW31: =IF($BK$17=0,BW30+$BW$22,IF($AX$33,(SQRT(($BK$17*$BK$17)-((BV31-$BN$17)*(BV31-$BN$17)))+$BM$17),(-SQRT(($BK$17*$BK$17)-((BV31-$BN$17)*(BV31-$BN$17)))+$BM$17))) -> -389.2688 | BX31: 8 | BY31: =BY30+$BZ$23 -> 0 | BZ31: =IF($BK$18=0,BZ30+$BZ$22,IF($AY$33,(SQRT(($BK$18*$BK$18)-((BY31-$BN$18)*(BY31-$BN$18)))+$BM$18),(-SQRT(($BK$18*$BK$18)-((BY31-$BN$18)*(BY31-$BN$18)))+$BM$18))) -> 0 | CA31: 8 | CB31: =CB30+$CC$23 -> 0 | CC31: =IF($BK$19=0,CC30+$CC$22,IF($AZ$33,(SQRT(($BK$19*$BK$19)-((CB31-$BN$19)*(CB31-$BN$19)))+$BM$19),(-SQRT(($BK$19*$BK$19)-((CB31-$BN$19)*(CB31-$BN$19)))+$BM$19))) -> 0
B32: 8 | C32: =IF(G7=6,"C-F",IF(G7=7,"B-G",IF(G7=8,"B-F",""))) -> C-F | D32: =Print!D35 -> 9570 | Y32: =SQRT((D32*D32)-(AA32*AA32)) -> 9570 | AA32: =VLOOKUP(LEFT(C32,1),HEIGHT,2,FALSE)-VLOOKUP(RIGHT(C32,1),HEIGHT,2,FALSE) -> 0 | AJ32: which | AK32: =IF(AI25="X",AK30,AK31) -> 0.73333333 | AM32: =AM30 -> 0 | AN32: =AN30 -> 0 | AS32: 1 | AT32: 2 | AU32: 3 | AV32: 4 | AW32: 5 | AX32: 6 | AY32: 7 | AZ32: 8 | BF32: 9 | BG32: =BG31+$BH$23 -> 3496 | BH32: =IF($BK$12=0,BH31+$BH$22,IF($AS$33,(SQRT(($BK$12*$BK$12)-((BG32-$BN$12)*(BG32-$BN$12)))+$BM$12),(-SQRT(($BK$12*$BK$12)-((BG32-$BN$12)*(BG32-$BN$12)))+$BM$12))) -> -140.34201 | BI32: 9 | BJ32: =BJ31+$BK$23 -> -2819.8599 | BK32: =IF($BK$13=0,BK31+$BK$22,IF($AT$33,(SQRT(($BK$13*$BK$13)-((BJ32-$BN$13)*(BJ32-$BN$13)))+$BM$13),(-SQRT(($BK$13*$BK$13)-((BJ32-$BN$13)*(BJ32-$BN$13)))+$BM$13))) -> 6208.6252 | BL32: 9 | BM32: =BM31+$BN$23 -> 2185.6732 | BN32: =IF($BK$14=0,BN31+$BN$22,IF($AU$33,(SQRT(($BK$14*$BK$14)-((BM32-$BN$14)*(BM32-$BN$14)))+$BM$14),(-SQRT(($BK$14*$BK$14)-((BM32-$BN$14)*(BM32-$BN$14)))+$BM$14))) -> -6472.0895 | BO32: 9 | BP32: =BP31+$BQ$23 -> -5348.9961 | BQ32: =IF($BK$15=0,BQ31+$BQ$22,IF($AV$33,(SQRT(($BK$15*$BK$15)-((BP32-$BN$15)*(BP32-$BN$15)))+$BM$15),(-SQRT(($BK$15*$BK$15)-((BP32-$BN$15)*(BP32-$BN$15)))+$BM$15))) -> -508.634 | BR32: 9 | BS32: =BS31+$BT$23 -> -2786.4821 | BT32: =IF($BK$16=0,BT31+$BT$22,IF($AW$33,(SQRT(($BK$16*$BK$16)-((BS32-$BN$16)*(BS32-$BN$16)))+$BM$16),(-SQRT(($BK$16*$BK$16)-((BS32-$BN$16)*(BS32-$BN$16)))+$BM$16))) -> -1550.2693 | BU32: 9 | BV32: =BV31+$BW$23 -> -457.15802 | BW32: =IF($BK$17=0,BW31+$BW$22,IF($AX$33,(SQRT(($BK$17*$BK$17)-((BV32-$BN$17)*(BV32-$BN$17)))+$BM$17),(-SQRT(($BK$17*$BK$17)-((BV32-$BN$17)*(BV32-$BN$17)))+$BM$17))) -> -248.53528 | BX32: 9 | BY32: =BY31+$BZ$23 -> 0 | BZ32: =IF($BK$18=0,BZ31+$BZ$22,IF($AY$33,(SQRT(($BK$18*$BK$18)-((BY32-$BN$18)*(BY32-$BN$18)))+$BM$18),(-SQRT(($BK$18*$BK$18)-((BY32-$BN$18)*(BY32-$BN$18)))+$BM$18))) -> 0 | CA32: 9 | CB32: =CB31+$CC$23 -> 0 | CC32: =IF($BK$19=0,CC31+$CC$22,IF($AZ$33,(SQRT(($BK$19*$BK$19)-((CB32-$BN$19)*(CB32-$BN$19)))+$BM$19),(-SQRT(($BK$19*$BK$19)-((CB32-$BN$19)*(CB32-$BN$19)))+$BM$19))) -> 0
B33: 9 | C33: =IF(G7=6,"D-F",IF(G7=7,"C-E",IF(G7=8,"B-G",""))) -> D-F | D33: =Print!D36 -> 5990 | Y33: =SQRT((D33*D33)-(AA33*AA33)) -> 5990 | AA33: =VLOOKUP(LEFT(C33,1),HEIGHT,2,FALSE)-VLOOKUP(RIGHT(C33,1),HEIGHT,2,FALSE) -> 0 | AE33: corner | AF33: x | AG33: y | AJ33: x | AK33: y | AM33: =IF(G7>8,AG18+AI19,AG18+AI11) -> 0 | AN33: =IF(G7>8,AH18+AJ19,AH18+AJ11) -> 0 | AS33: =OR(ROUND(SQRT(($BK$12*$BK$12)-(($BG$24-$BN$12)*($BG$24-$BN$12)))+$BM$12,0)=ROUND($AZ$11,0),ROUND(SQRT(($BK$12*$BK$12)-(($BG$24-$BN$12)*($BG$24-$BN$12)))+$BM$12,0)=ROUND($BA$11,0)) -> FALSE | AT33: =OR(ROUND(SQRT(($BK$13*$BK$13)-(($BJ$24-$BN$13)*($BJ$24-$BN$13)))+$BM$13,0)=ROUND($AZ$12,0),ROUND(SQRT(($BK$13*$BK$13)-(($BJ$24-$BN$13)*($BJ$24-$BN$13)))+$BM$13,0)=ROUND($BA$12,0)) -> FALSE | AU33: =OR(ROUND(SQRT(($BK$14*$BK$14)-(($BM$24-$BN$14)*($BM$24-$BN$14)))+$BM$14,0)=ROUND($AZ$13,0),ROUND(SQRT(($BK$14*$BK$14)-(($BM$24-$BN$14)*($BM$24-$BN$14)))+$BM$14,0)=ROUND($BA$13,0)) -> TRUE | AV33: =OR(ROUND(SQRT(($BK$15*$BK$15)-(($BP$24-$BN$15)*($BP$24-$BN$15)))+$BM$15,0)=ROUND($AZ$14,0),ROUND(SQRT(($BK$15*$BK$15)-(($BP$24-$BN$15)*($BP$24-$BN$15)))+$BM$15,0)=ROUND($BA$14,0)) -> TRUE | AW33: =OR(ROUND(SQRT(($BK$16*$BK$16)-(($BS$24-$BN$16)*($BS$24-$BN$16)))+$BM$16,0)=ROUND($AZ$15,0),ROUND(SQRT(($BK$16*$BK$16)-(($BS$24-$BN$16)*($BS$24-$BN$16)))+$BM$16,0)=ROUND($BA$15,0)) -> TRUE | AX33: =OR(ROUND(SQRT(($BK$17*$BK$17)-(($BV$24-$BN$17)*($BV$24-$BN$17)))+$BM$17,0)=ROUND($AZ$16,0),ROUND(SQRT(($BK$17*$BK$17)-(($BV$24-$BN$17)*($BV$24-$BN$17)))+$BM$17,0)=ROUND($BA$16,0)) -> TRUE | AY33: =OR(ROUND(SQRT(($BK$18*$BK$18)-(($BY$24-$BN$18)*($BY$24-$BN$18)))+$BM$18,0)=ROUND($AZ$17,0),ROUND(SQRT(($BK$18*$BK$18)-(($BY$24-$BN$18)*($BY$24-$BN$18)))+$BM$18,0)=ROUND($BA$17,0)) -> #DIV/0! | AZ33: =OR(ROUND(SQRT(($BK$19*$BK$19)-(($CB$24-$BN$19)*($CB$24-$BN$19)))+$BM$19,0)=ROUND($AZ$18,0),ROUND(SQRT(($BK$19*$BK$19)-(($CB$24-$BN$19)*($CB$24-$BN$19)))+$BM$19,0)=ROUND($BA$18,0)) -> #DIV/0! | BF33: 10 | BG33: =BG32+$BH$23 -> 3933 | BH33: =IF($BK$12=0,BH32+$BH$22,IF($AS$33,(SQRT(($BK$12*$BK$12)-((BG33-$BN$12)*(BG33-$BN$12)))+$BM$12),(-SQRT(($BK$12*$BK$12)-((BG33-$BN$12)*(BG33-$BN$12)))+$BM$12))) -> -79.164826 | BI33: 10 | BJ33: =BJ32+$BK$23 -> -3172.3424 | BK33: =IF($BK$13=0,BK32+$BK$22,IF($AT$33,(SQRT(($BK$13*$BK$13)-((BJ33-$BN$13)*(BJ33-$BN$13)))+$BM$13),(-SQRT(($BK$13*$BK$13)-((BJ33-$BN$13)*(BJ33-$BN$13)))+$BM$13))) -> 6539.6861 | BL33: 10 | BM33: =BM32+$BN$23 -> 1596.1278 | BN33: =IF($BK$14=0,BN32+$BN$22,IF($AU$33,(SQRT(($BK$14*$BK$14)-((BM33-$BN$14)*(BM33-$BN$14)))+$BM$14),(-SQRT(($BK$14*$BK$14)-((BM33-$BN$14)*(BM33-$BN$14)))+$BM$14))) -> -7004.9443 | BO33: 10 | BP33: =BP32+$BQ$23 -> -5069.1232 | BQ33: =IF($BK$15=0,BQ32+$BQ$22,IF($AV$33,(SQRT(($BK$15*$BK$15)-((BP33-$BN$15)*(BP33-$BN$15)))+$BM$15),(-SQRT(($BK$15*$BK$15)-((BP33-$BN$15)*(BP33-$BN$15)))+$BM$15))) -> -780.61229 | BR33: 10 | BS33: =BS32+$BT$23 -> -2536.1361 | BT33: =IF($BK$16=0,BT32+$BT$22,IF($AW$33,(SQRT(($BK$16*$BK$16)-((BS33-$BN$16)*(BS33-$BN$16)))+$BM$16),(-SQRT(($BK$16*$BK$16)-((BS33-$BN$16)*(BS33-$BN$16)))+$BM$16))) -> -1658.9366 | BU33: 10 | BV33: =BV32+$BW$23 -> -228.57901 | BW33: =IF($BK$17=0,BW32+$BW$22,IF($AX$33,(SQRT(($BK$17*$BK$17)-((BV33-$BN$17)*(BV33-$BN$17)))+$BM$17),(-SQRT(($BK$17*$BK$17)-((BV33-$BN$17)*(BV33-$BN$17)))+$BM$17))) -> -119.00058 | BX33: 10 | BY33: =BY32+$BZ$23 -> 0 | BZ33: =IF($BK$18=0,BZ32+$BZ$22,IF($AY$33,(SQRT(($BK$18*$BK$18)-((BY33-$BN$18)*(BY33-$BN$18)))+$BM$18),(-SQRT(($BK$18*$BK$18)-((BY33-$BN$18)*(BY33-$BN$18)))+$BM$18))) -> 0 | CA33: 10 | CB33: =CB32+$CC$23 -> 0 | CC33: =IF($BK$19=0,CC32+$CC$22,IF($AZ$33,(SQRT(($BK$19*$BK$19)-((CB33-$BN$19)*(CB33-$BN$19)))+$BM$19),(-SQRT(($BK$19*$BK$19)-((CB33-$BN$19)*(CB33-$BN$19)))+$BM$19))) -> 0
B34: 10 | C34: =IF(G7=7,"C-F",IF(G7=8,"B-H","")) | D34: =Print!D37 -> - | Y34: =SQRT((D34*D34)-(AA34*AA34)) -> #VALUE! | AA34: =VLOOKUP(LEFT(C34,1),HEIGHT,2,FALSE)-VLOOKUP(RIGHT(C34,1),HEIGHT,2,FALSE) -> 0 | AE34: 1 | AF34: =ROUND(AG27,-3)-1000 -> -3000 | AG34: =ROUNDUP(AH29,-3)+1000 -> 1000 | AJ34: =IF(AI25="X",1,AK31) -> 1 | AK34: =IF(AI25="X",AK30,1) -> 0.73333333 | AM34: =AG18 -> 0 | AN34: =AH18 -> 0 | AS34: =OR(ROUND(SQRT(($BK$12*$BK$12)-(($BG$24-$BN$12)*($BG$24-$BN$12)))+$BM$12,0)=ROUND($AZ$11,0),ROUND(SQRT(($BK$12*$BK$12)-(($BG$24-$BN$12)*($BG$24-$BN$12)))+$BM$12,0)=ROUND($BA$11,0)) -> FALSE | AT34: =OR(ROUND(SQRT(($BK$13*$BK$13)-(($BJ$24-$BN$13)*($BJ$24-$BN$13)))+$BM$13,0)=ROUND($AZ$12,0),ROUND(SQRT(($BK$13*$BK$13)-(($BJ$24-$BN$13)*($BJ$24-$BN$13)))+$BM$13,0)=ROUND($BA$12,0)) -> FALSE | AU34: =OR(ROUND(SQRT(($BK$14*$BK$14)-(($BM$24-$BN$14)*($BM$24-$BN$14)))+$BM$14,0)=ROUND($AZ$13,0),ROUND(SQRT(($BK$14*$BK$14)-(($BM$24-$BN$14)*($BM$24-$BN$14)))+$BM$14,0)=ROUND($BA$13,0)) -> TRUE | AV34: =OR(ROUND(SQRT(($BK$15*$BK$15)-(($BP$24-$BN$15)*($BP$24-$BN$15)))+$BM$15,0)=ROUND($AZ$14,0),ROUND(SQRT(($BK$15*$BK$15)-(($BP$24-$BN$15)*($BP$24-$BN$15)))+$BM$15,0)=ROUND($BA$14,0)) -> TRUE | AW34: =OR(ROUND(SQRT(($BK$16*$BK$16)-(($BS$24-$BN$16)*($BS$24-$BN$16)))+$BM$16,0)=ROUND($AZ$15,0),ROUND(SQRT(($BK$16*$BK$16)-(($BS$24-$BN$16)*($BS$24-$BN$16)))+$BM$16,0)=ROUND($BA$15,0)) -> TRUE | AX34: =OR(ROUND(SQRT(($BK$17*$BK$17)-(($BV$24-$BN$17)*($BV$24-$BN$17)))+$BM$17,0)=ROUND($AZ$16,0),ROUND(SQRT(($BK$17*$BK$17)-(($BV$24-$BN$17)*($BV$24-$BN$17)))+$BM$17,0)=ROUND($BA$16,0)) -> TRUE | AY34: =OR(ROUND(SQRT(($BK$18*$BK$18)-(($BY$24-$BN$18)*($BY$24-$BN$18)))+$BM$18,0)=ROUND($AZ$17,0),ROUND(SQRT(($BK$18*$BK$18)-(($BY$24-$BN$18)*($BY$24-$BN$18)))+$BM$18,0)=ROUND($BA$17,0)) -> #DIV/0! | AZ34: =OR(ROUND(SQRT(($BK$19*$BK$19)-(($CB$24-$BN$19)*($CB$24-$BN$19)))+$BM$19,0)=ROUND($AZ$18,0),ROUND(SQRT(($BK$19*$BK$19)-(($CB$24-$BN$19)*($CB$24-$BN$19)))+$BM$19,0)=ROUND($BA$18,0)) -> #DIV/0! | BF34: 11 | BG34: =BG33+$BH$23 -> 4370 | BH34: =IF($BK$12=0,BH33+$BH$22,IF($AS$33,(SQRT(($BK$12*$BK$12)-((BG34-$BN$12)*(BG34-$BN$12)))+$BM$12),(-SQRT(($BK$12*$BK$12)-((BG34-$BN$12)*(BG34-$BN$12)))+$BM$12))) -> 0 | BI34: 11 | BJ34: =BJ33+$BK$23 -> -3524.8249 | BK34: =IF($BK$13=0,BK33+$BK$22,IF($AT$33,(SQRT(($BK$13*$BK$13)-((BJ34-$BN$13)*(BJ34-$BN$13)))+$BM$13),(-SQRT(($BK$13*$BK$13)-((BJ34-$BN$13)*(BJ34-$BN$13)))+$BM$13))) -> 6902.0366 | BL34: 11 | BM34: =BM33+$BN$23 -> 1006.5824 | BN34: =IF($BK$14=0,BN33+$BN$22,IF($AU$33,(SQRT(($BK$14*$BK$14)-((BM34-$BN$14)*(BM34-$BN$14)))+$BM$14),(-SQRT(($BK$14*$BK$14)-((BM34-$BN$14)*(BM34-$BN$14)))+$BM$14))) -> -7587.9788 | BO34: 11 | BP34: =BP33+$BQ$23 -> -4789.2504 | BQ34: =IF($BK$15=0,BQ33+$BQ$22,IF($AV$33,(SQRT(($BK$15*$BK$15)-((BP34-$BN$15)*(BP34-$BN$15)))+$BM$15),(-SQRT(($BK$15*$BK$15)-((BP34-$BN$15)*(BP34-$BN$15)))+$BM$15))) -> -1078.4163 | BR34: 11 | BS34: =BS33+$BT$23 -> -2285.7901 | BT34: =IF($BK$16=0,BT33+$BT$22,IF($AW$33,(SQRT(($BK$16*$BK$16)-((BS34-$BN$16)*(BS34-$BN$16)))+$BM$16),(-SQRT(($BK$16*$BK$16)-((BS34-$BN$16)*(BS34-$BN$16)))+$BM$16))) -> -1780.3326 | BU34: 11 | BV34: =BV33+$BW$23 -> 0 | BW34: =IF($BK$17=0,BW33+$BW$22,IF($AX$33,(SQRT(($BK$17*$BK$17)-((BV34-$BN$17)*(BV34-$BN$17)))+$BM$17),(-SQRT(($BK$17*$BK$17)-((BV34-$BN$17)*(BV34-$BN$17)))+$BM$17))) -> 0 | BX34: 11 | BY34: =BY33+$BZ$23 -> 0 | BZ34: =IF($BK$18=0,BZ33+$BZ$22,IF($AY$33,(SQRT(($BK$18*$BK$18)-((BY34-$BN$18)*(BY34-$BN$18)))+$BM$18),(-SQRT(($BK$18*$BK$18)-((BY34-$BN$18)*(BY34-$BN$18)))+$BM$18))) -> 0 | CA34: 11 | CB34: =CB33+$CC$23 -> 0 | CC34: =IF($BK$19=0,CC33+$CC$22,IF($AZ$33,(SQRT(($BK$19*$BK$19)-((CB34-$BN$19)*(CB34-$BN$19)))+$BM$19),(-SQRT(($BK$19*$BK$19)-((CB34-$BN$19)*(CB34-$BN$19)))+$BM$19))) -> 0
B35: 11 | C35: =IF(G7=7,"C-G",IF(G7=8,"C-E","")) | D35: =Print!D38 -> - | Y35: =SQRT((D35*D35)-(AA35*AA35)) -> #VALUE! | AA35: =VLOOKUP(LEFT(C35,1),HEIGHT,2,FALSE)-VLOOKUP(RIGHT(C35,1),HEIGHT,2,FALSE) -> 0 | AE35: 2 | AF35: =ROUNDUP(ROUNDUP(AG27+MAX(AG25:AH25)+1000,-3)*AJ34,-3) -> 8000 | AG35: =AG34 -> 1000 | BF35: 11 | BG35: =BG33+$BH$23 -> 4370 | BH35: =IF($BK$12=0,BH34+$BH$22,IF($AS$33,(SQRT(($BK$12*$BK$12)-((BG35-$BN$12)*(BG35-$BN$12)))+$BM$12),(-SQRT(($BK$12*$BK$12)-((BG35-$BN$12)*(BG35-$BN$12)))+$BM$12))) -> 0 | BI35: 11 | BJ35: =BJ34 -> -3524.8249 | BK35: =IF($BK$13=0,BK34+$BK$22,IF($AT$33,(SQRT(($BK$13*$BK$13)-((BJ35-$BN$13)*(BJ35-$BN$13)))+$BM$13),(-SQRT(($BK$13*$BK$13)-((BJ35-$BN$13)*(BJ35-$BN$13)))+$BM$13))) -> 6902.0366
B36: 12 | C36: =IF(G7=7,"D-F",IF(G7=8,"C-F","")) | D36: =Print!D39 -> - | Y36: =SQRT((D36*D36)-(AA36*AA36)) -> #VALUE! | AA36: =VLOOKUP(LEFT(C36,1),HEIGHT,2,FALSE)-VLOOKUP(RIGHT(C36,1),HEIGHT,2,FALSE) -> 0 | AE36: 3 | AF36: =AF35 -> 8000 | AG36: =ROUNDUP(AH29-ROUNDUP(MAX(AG25:AH25),-3)*AK34-1000,-3) -> -8000
B37: 13 | C37: =IF(G7=7,"D-G",IF(G7=8,"C-G","")) | D37: =Print!D40 -> - | Y37: =SQRT((D37*D37)-(AA37*AA37)) -> #VALUE! | AA37: =VLOOKUP(LEFT(C37,1),HEIGHT,2,FALSE)-VLOOKUP(RIGHT(C37,1),HEIGHT,2,FALSE) -> 0 | AE37: 4 | AF37: =AF34 -> -3000 | AG37: =AG36 -> -8000 | BG37: X | BH37: Y | BJ37: X | BK37: Y | BM37: X | BN37: Y | BP37: X | BQ37: Y | BS37: X | BT37: Y | BV37: X | BW37: Y | BY37: X | BZ37: Y | CB37: X | CC37: Y
B38: 14 | C38: =IF(G7=7,"E-G",IF(G7=8,"C-H","")) | D38: =Print!D41 -> - | Y38: =SQRT((D38*D38)-(AA38*AA38)) -> #VALUE! | AA38: =VLOOKUP(LEFT(C38,1),HEIGHT,2,FALSE)-VLOOKUP(RIGHT(C38,1),HEIGHT,2,FALSE) -> 0 | AF38: =AF34 -> -3000 | AG38: =AG34 -> 1000 | AY38: thor/2 | AZ38: theta | BB38: T/OFF 1 | BC38: T/OFF 2 | BD38: Z TOTAL | BG38: =IF($BL$12="X",BG24,BH24) -> 0 | BH38: =IF($BL$12="X",BH24,BG24) -> 0 | BJ38: =IF($BL$13="X",BJ24,BK24) -> 4370 | BK38: =IF($BL$13="X",BK24,BJ24) -> 0 | BM38: =IF($BL$14="X",BM24,BN24) -> 6902.0366 | BN38: =IF($BL$14="X",BN24,BM24) -> -3524.8249 | BP38: =IF($BL$15="X",BP24,BQ24) -> 1006.5824 | BQ38: =IF($BL$15="X",BQ24,BP24) -> -7587.9788 | BS38: =IF($BL$16="X",BS24,BT24) -> -1078.4163 | BT38: =IF($BL$16="X",BT24,BS24) -> -4789.2504 | BV38: =IF($BL$17="X",BV24,BW24) -> -1780.3326 | BW38: =IF($BL$17="X",BW24,BV24) -> -2285.7901 | BY38: =IF($BL$18="X",BY24,BZ24) -> 0 | BZ38: =IF($BL$18="X",BZ24,BY24) -> 0 | CB38: =IF($BL$19="X",CB24,CC24) -> 0 | CC38: =IF($BL$19="X",CC24,CB24) -> 0
B39: 15 | C39: =IF(G7=8,"D-F","") | D39: =Print!D42 -> - | Y39: =SQRT((D39*D39)-(AA39*AA39)) -> #VALUE! | AA39: =VLOOKUP(LEFT(C39,1),HEIGHT,2,FALSE)-VLOOKUP(RIGHT(C39,1),HEIGHT,2,FALSE) -> 0 | AX39: =C11 -> A-B | AY39: =AE11/2 -> 0.70298445 | AZ39: =ABS(ATAN(AB11/D11)) -> 0 | BB39: =IF(VLOOKUP(LEFT(AX39,1),$AD$11:$AL$18,8,FALSE)="-",0,VLOOKUP(LEFT(AX39,1),$AD$11:$AL$18,8,FALSE)) -> #N/A | BC39: =IF(VLOOKUP(RIGHT(AX39,1),$AD$11:$AL$18,8,FALSE)="-",0,VLOOKUP(RIGHT(AX39,1),$AD$11:$AL$18,8,FALSE)) -> #N/A | BD39: =(BB39+BC39)*SIN(AZ39) -> #N/A | BG39: =IF($BL$12="X",BG25,BH25) -> 437 | BH39: =IF($BL$12="X",BH25,BG25) -> -79.164826 | BJ39: =IF($BL$13="X",BJ25,BK25) -> 4536.5376 | BK39: =IF($BL$13="X",BK25,BJ25) -> -352.48249 | BM39: =IF($BL$14="X",BM25,BN25) -> 6312.4912 | BN39: =IF($BL$14="X",BN25,BM25) -> -3789.4994 | BP39: =IF($BL$15="X",BP25,BQ25) -> 868.38833 | BQ39: =IF($BL$15="X",BQ25,BP25) -> -7308.1059 | BS39: =IF($BL$16="X",BS25,BT25) -> -1101.8096 | BT39: =IF($BL$16="X",BT25,BS25) -> -4538.9044 | BV39: =IF($BL$17="X",BV25,BW25) -> -1526.4933 | BW39: =IF($BL$17="X",BW25,BV25) -> -2057.2111 | BY39: =IF($BL$18="X",BY25,BZ25) -> 0 | BZ39: =IF($BL$18="X",BZ25,BY25) -> 0 | CB39: =IF($BL$19="X",CB25,CC25) -> 0 | CC39: =IF($BL$19="X",CC25,CB25) -> 0
B40: 16 | C40: =IF(G7=8,"D-G","") | D40: =Print!D43 -> - | Y40: =SQRT((D40*D40)-(AA40*AA40)) -> #VALUE! | AA40: =VLOOKUP(LEFT(C40,1),HEIGHT,2,FALSE)-VLOOKUP(RIGHT(C40,1),HEIGHT,2,FALSE) -> 0 | AM40: =AM11 -> 0 | AN40: =AN11 -> 0 | AX40: =C12 -> B-C | AY40: =AE12/2 -> 1.0968639 | AZ40: =ABS(ATAN(AB12/D12)) -> 0 | BB40: =IF(VLOOKUP(LEFT(AX40,1),$AD$11:$AL$18,8,FALSE)="-",0,VLOOKUP(LEFT(AX40,1),$AD$11:$AL$18,8,FALSE)) -> #N/A | BC40: =IF(VLOOKUP(RIGHT(AX40,1),$AD$11:$AL$18,8,FALSE)="-",0,VLOOKUP(RIGHT(AX40,1),$AD$11:$AL$18,8,FALSE)) -> #N/A | BD40: =(BB40+BC40)*SIN(AZ40) -> #N/A | BG40: =IF($BL$12="X",BG26,BH26) -> 874 | BH40: =IF($BL$12="X",BH26,BG26) -> -140.34201 | BJ40: =IF($BL$13="X",BJ26,BK26) -> 4718.8259 | BK40: =IF($BL$13="X",BK26,BJ26) -> -704.96498 | BM40: =IF($BL$14="X",BM26,BN26) -> 5722.9458 | BN40: =IF($BL$14="X",BN26,BM26) -> -4080.1443 | BP40: =IF($BL$15="X",BP26,BQ26) -> 717.51949 | BQ40: =IF($BL$15="X",BQ26,BP26) -> -7028.2331 | BS40: =IF($BL$16="X",BS26,BT26) -> -1134.936 | BT40: =IF($BL$16="X",BT26,BS26) -> -4288.5583 | BV40: =IF($BL$17="X",BV26,BW26) -> -1294.8212 | BW40: =IF($BL$17="X",BW26,BV26) -> -1828.6321 | BY40: =IF($BL$18="X",BY26,BZ26) -> 0 | BZ40: =IF($BL$18="X",BZ26,BY26) -> 0 | CB40: =IF($BL$19="X",CB26,CC26) -> 0 | CC40: =IF($BL$19="X",CC26,CB26) -> 0
B41: 17 | C41: =IF(G7=8,"D-H","") | D41: =Print!D44 -> - | Y41: =SQRT((D41*D41)-(AA41*AA41)) -> #VALUE! | AA41: =VLOOKUP(LEFT(C41,1),HEIGHT,2,FALSE)-VLOOKUP(RIGHT(C41,1),HEIGHT,2,FALSE) -> 0 | AM41: =AM12 -> 4370 | AN41: =AN12 -> 0 | AP41: =IF(Print!$F$7="","COLOUR?",CONCATENATE(Print!$F$6," - ",Print!$F$7)) -> Z 16 - CHARCOAL | AX41: =C13 -> C-D | AY41: =AE13/2 -> 0.77565319 | AZ41: =ABS(ATAN(AB13/D13)) -> 0 | BB41: =IF(VLOOKUP(LEFT(AX41,1),$AD$11:$AL$18,8,FALSE)="-",0,VLOOKUP(LEFT(AX41,1),$AD$11:$AL$18,8,FALSE)) -> #N/A | BC41: =IF(VLOOKUP(RIGHT(AX41,1),$AD$11:$AL$18,8,FALSE)="-",0,VLOOKUP(RIGHT(AX41,1),$AD$11:$AL$18,8,FALSE)) -> #N/A | BD41: =(BB41+BC41)*SIN(AZ41) -> #N/A | BG41: =IF($BL$12="X",BG27,BH27) -> 1311 | BH41: =IF($BL$12="X",BH27,BG27) -> -183.83168 | BJ41: =IF($BL$13="X",BJ27,BK27) -> 4917.777 | BK41: =IF($BL$13="X",BK27,BJ27) -> -1057.4475 | BM41: =IF($BL$14="X",BM27,BN27) -> 5133.4003 | BN41: =IF($BL$14="X",BN27,BM27) -> -4398.1973 | BP41: =IF($BL$15="X",BP27,BQ27) -> 553.21263 | BQ41: =IF($BL$15="X",BQ27,BP27) -> -6748.3603 | BS41: =IF($BL$16="X",BS27,BT27) -> -1177.9456 | BT41: =IF($BL$16="X",BT27,BS27) -> -4038.2123 | BV41: =IF($BL$17="X",BV27,BW27) -> -1082.4965 | BW41: =IF($BL$17="X",BW27,BV27) -> -1600.0531 | BY41: =IF($BL$18="X",BY27,BZ27) -> 0 | BZ41: =IF($BL$18="X",BZ27,BY27) -> 0 | CB41: =IF($BL$19="X",CB27,CC27) -> 0 | CC41: =IF($BL$19="X",CC27,CB27) -> 0
B42: 18 | C42: =IF(G7=8,"E-G","") | D42: =Print!D45 -> - | Y42: =SQRT((D42*D42)-(AA42*AA42)) -> #VALUE! | AA42: =VLOOKUP(LEFT(C42,1),HEIGHT,2,FALSE)-VLOOKUP(RIGHT(C42,1),HEIGHT,2,FALSE) -> 0 | AM42: =AM15 -> 6902.0366 | AN42: =AN15 -> -3524.8249 | AP42: =AP47/2-1000+AP49 -> 1560.852 | AQ42: =AQ47/2+AQ49 -> -3793.9894 | AX42: =C14 -> D-E | AY42: =AE14/2 -> 0.80381787 | AZ42: =ABS(ATAN(AB14/D14)) -> 0 | BB42: =IF(VLOOKUP(LEFT(AX42,1),$AD$11:$AL$18,8,FALSE)="-",0,VLOOKUP(LEFT(AX42,1),$AD$11:$AL$18,8,FALSE)) -> #N/A | BC42: =IF(VLOOKUP(RIGHT(AX42,1),$AD$11:$AL$18,8,FALSE)="-",0,VLOOKUP(RIGHT(AX42,1),$AD$11:$AL$18,8,FALSE)) -> #N/A | BD42: =(BB42+BC42)*SIN(AZ42) -> #N/A | BG42: =IF($BL$12="X",BG28,BH28) -> 1748 | BH42: =IF($BL$12="X",BH28,BG28) -> -209.84314 | BJ42: =IF($BL$13="X",BJ28,BK28) -> 5134.4691 | BK42: =IF($BL$13="X",BK28,BJ28) -> -1409.93 | BM42: =IF($BL$14="X",BM28,BN28) -> 4543.8549 | BN42: =IF($BL$14="X",BN28,BM28) -> -4745.3562 | BP42: =IF($BL$15="X",BP28,BQ28) -> 374.56504 | BQ42: =IF($BL$15="X",BQ28,BP28) -> -6468.4874 | BS42: =IF($BL$16="X",BS28,BT28) -> -1231.0378 | BT42: =IF($BL$16="X",BT28,BS28) -> -3787.8663 | BV42: =IF($BL$17="X",BV28,BW28) -> -887.34139 | BW42: =IF($BL$17="X",BW28,BV28) -> -1371.474 | BY42: =IF($BL$18="X",BY28,BZ28) -> 0 | BZ42: =IF($BL$18="X",BZ28,BY28) -> 0 | CB42: =IF($BL$19="X",CB28,CC28) -> 0 | CC42: =IF($BL$19="X",CC28,CB28) -> 0
B43: 19 | C43: =IF(G7=8,"E-H","") | D43: =Print!D46 -> - | Y43: =SQRT((D43*D43)-(AA43*AA43)) -> #VALUE! | AA43: =VLOOKUP(LEFT(C43,1),HEIGHT,2,FALSE)-VLOOKUP(RIGHT(C43,1),HEIGHT,2,FALSE) -> 0 | AM43: =AM18 -> 1006.5824 | AN43: =AN18 -> -7587.9788 | AX43: =C15 -> E-F | AY43: =AE15/2 -> 1.3873356 | AZ43: =ABS(ATAN(AB15/D15)) -> 0 | BB43: =IF(VLOOKUP(LEFT(AX43,1),$AD$11:$AL$18,8,FALSE)="-",0,VLOOKUP(LEFT(AX43,1),$AD$11:$AL$18,8,FALSE)) -> #N/A | BC43: =IF(VLOOKUP(RIGHT(AX43,1),$AD$11:$AL$18,8,FALSE)="-",0,VLOOKUP(RIGHT(AX43,1),$AD$11:$AL$18,8,FALSE)) -> #N/A | BD43: =(BB43+BC43)*SIN(AZ43) -> #N/A | BG43: =IF($BL$12="X",BG29,BH29) -> 2185 | BH43: =IF($BL$12="X",BH29,BG29) -> -218.5 | BJ43: =IF($BL$13="X",BJ29,BK29) -> 5370.1848 | BK43: =IF($BL$13="X",BK29,BJ29) -> -1762.4125 | BM43: =IF($BL$14="X",BM29,BN29) -> 3954.3095 | BN43: =IF($BL$14="X",BN29,BM29) -> -5123.6385 | BP43: =IF($BL$15="X",BP29,BQ29) -> 180.50085 | BQ43: =IF($BL$15="X",BQ29,BP29) -> -6188.6146 | BS43: =IF($BL$16="X",BS29,BT29) -> -1294.4662 | BT43: =IF($BL$16="X",BT29,BS29) -> -3537.5202 | BV43: =IF($BL$17="X",BV29,BW29) -> -707.63434 | BW43: =IF($BL$17="X",BW29,BV29) -> -1142.895 | BY43: =IF($BL$18="X",BY29,BZ29) -> 0 | BZ43: =IF($BL$18="X",BZ29,BY29) -> 0 | CB43: =IF($BL$19="X",CB29,CC29) -> 0 | CC43: =IF($BL$19="X",CC29,CB29) -> 0
B44: 20 | C44: =IF(G7=8,"F-H","") | D44: =Print!D47 -> - | Y44: =SQRT((D44*D44)-(AA44*AA44)) -> #VALUE! | AA44: =VLOOKUP(LEFT(C44,1),HEIGHT,2,FALSE)-VLOOKUP(RIGHT(C44,1),HEIGHT,2,FALSE) -> 0 | AM44: =AM21 -> -1078.4163 | AN44: =AN21 -> -4789.2504 | AX44: =C16 -> F-A | AY44: =AE16/2 -> 0.86085913 | AZ44: =ABS(ATAN(AB16/D16)) -> 0 | BB44: =IF(VLOOKUP(LEFT(AX44,1),$AD$11:$AL$18,8,FALSE)="-",0,VLOOKUP(LEFT(AX44,1),$AD$11:$AL$18,8,FALSE)) -> #N/A | BC44: =IF(VLOOKUP(RIGHT(AX44,1),$AD$11:$AL$18,8,FALSE)="-",0,VLOOKUP(RIGHT(AX44,1),$AD$11:$AL$18,8,FALSE)) -> #N/A | BD44: =(BB44+BC44)*SIN(AZ44) -> #N/A | BG44: =IF($BL$12="X",BG30,BH30) -> 2622 | BH44: =IF($BL$12="X",BH30,BG30) -> -209.84314 | BJ44: =IF($BL$13="X",BJ30,BK30) -> 5626.4643 | BK44: =IF($BL$13="X",BK30,BJ30) -> -2114.8949 | BM44: =IF($BL$14="X",BM30,BN30) -> 3364.7641 | BN44: =IF($BL$14="X",BN30,BM30) -> -5535.4612 | BP44: =IF($BL$15="X",BP30,BQ30) -> -30.274509 | BQ44: =IF($BL$15="X",BQ30,BP30) -> -5908.7417 | BS44: =IF($BL$16="X",BS30,BT30) -> -1368.5452 | BT44: =IF($BL$16="X",BT30,BS30) -> -3287.1742 | BV44: =IF($BL$17="X",BV30,BW30) -> -541.98839 | BW44: =IF($BL$17="X",BW30,BV30) -> -914.31603 | BY44: =IF($BL$18="X",BY30,BZ30) -> 0 | BZ44: =IF($BL$18="X",BZ30,BY30) -> 0 | CB44: =IF($BL$19="X",CB30,CC30) -> 0 | CC44: =IF($BL$19="X",CC30,CB30) -> 0
AM45: =AM24 -> -1780.3326 | AN45: =AN24 -> -2285.7901 | AP45: x-diff | AQ45: y-diff | AX45: =C17 | AY45: =AE17/2 -> 0 | AZ45: =ABS(ATAN(AB17/D17)) -> #VALUE! | BB45: =IF(VLOOKUP(LEFT(AX45,1),$AD$11:$AL$18,8,FALSE)="-",0,VLOOKUP(LEFT(AX45,1),$AD$11:$AL$18,8,FALSE)) -> #N/A | BC45: =IF(VLOOKUP(RIGHT(AX45,1),$AD$11:$AL$18,8,FALSE)="-",0,VLOOKUP(RIGHT(AX45,1),$AD$11:$AL$18,8,FALSE)) -> #N/A | BD45: =(BB45+BC45)*SIN(AZ45) -> #N/A | BG45: =IF($BL$12="X",BG31,BH31) -> 3059 | BH45: =IF($BL$12="X",BH31,BG31) -> -183.83168 | BJ45: =IF($BL$13="X",BJ31,BK31) -> 5905.1775 | BK45: =IF($BL$13="X",BK31,BJ31) -> -2467.3774 | BM45: =IF($BL$14="X",BM31,BN31) -> 2775.2187 | BN45: =IF($BL$14="X",BN31,BM31) -> -5983.7497 | BP45: =IF($BL$15="X",BP31,BQ31) -> -259.33719 | BQ45: =IF($BL$15="X",BQ31,BP31) -> -5628.8689 | BS45: =IF($BL$16="X",BS31,BT31) -> -1453.6584 | BT45: =IF($BL$16="X",BT31,BS31) -> -3036.8282 | BV45: =IF($BL$17="X",BV31,BW31) -> -389.2688 | BW45: =IF($BL$17="X",BW31,BV31) -> -685.73702 | BY45: =IF($BL$18="X",BY31,BZ31) -> 0 | BZ45: =IF($BL$18="X",BZ31,BY31) -> 0 | CB45: =IF($BL$19="X",CB31,CC31) -> 0 | CC45: =IF($BL$19="X",CC31,CB31) -> 0
C46: 1 | D46: 2 | E46: 3 | G46: 5 | H46: 6 | I46: 7 | J46: 8 | K46: 9 | L46: 10 | M46: 11 | N46: 12 | O46: 13 | P46: 14 | Q46: 15 | R46: 16 | S46: 17 | T46: 18 | U46: 19 | V46: 20 | W46: 21 | X46: 22 | Y46: 23 | AX46: =C18 | AY46: =AE18/2 -> 0 | AZ46: =ABS(ATAN(AB18/D18)) -> #VALUE! | BB46: =IF(VLOOKUP(LEFT(AX46,1),$AD$11:$AL$18,8,FALSE)="-",0,VLOOKUP(LEFT(AX46,1),$AD$11:$AL$18,8,FALSE)) -> #N/A | BC46: =IF(VLOOKUP(RIGHT(AX46,1),$AD$11:$AL$18,8,FALSE)="-",0,VLOOKUP(RIGHT(AX46,1),$AD$11:$AL$18,8,FALSE)) -> #N/A | BD46: =(BB46+BC46)*SIN(AZ46) -> #N/A | BG46: =IF($BL$12="X",BG32,BH32) -> 3496 | BH46: =IF($BL$12="X",BH32,BG32) -> -140.34201 | BJ46: =IF($BL$13="X",BJ32,BK32) -> 6208.6252 | BK46: =IF($BL$13="X",BK32,BJ32) -> -2819.8599 | BM46: =IF($BL$14="X",BM32,BN32) -> 2185.6732 | BN46: =IF($BL$14="X",BN32,BM32) -> -6472.0895 | BP46: =IF($BL$15="X",BP32,BQ32) -> -508.634 | BQ46: =IF($BL$15="X",BQ32,BP32) -> -5348.9961 | BS46: =IF($BL$16="X",BS32,BT32) -> -1550.2693 | BT46: =IF($BL$16="X",BT32,BS32) -> -2786.4821 | BV46: =IF($BL$17="X",BV32,BW32) -> -248.53528 | BW46: =IF($BL$17="X",BW32,BV32) -> -457.15802 | BY46: =IF($BL$18="X",BY32,BZ32) -> 0 | BZ46: =IF($BL$18="X",BZ32,BY32) -> 0 | CB46: =IF($BL$19="X",CB32,CC32) -> 0 | CC46: =IF($BL$19="X",CC32,CB32) -> 0
AM47: =AM27 -> 0 | AN47: =AN27 -> 0 | AP47: =MAX(AM40:AM49)-MIN(AM40:AM49) -> 8682.3692 | AQ47: =MAX(AN40:AN49)-MIN(AN40:AN49) -> 7587.9788 | BG47: =IF($BL$12="X",BG33,BH33) -> 3933 | BH47: =IF($BL$12="X",BH33,BG33) -> -79.164826 | BJ47: =IF($BL$13="X",BJ33,BK33) -> 6539.6861 | BK47: =IF($BL$13="X",BK33,BJ33) -> -3172.3424 | BM47: =IF($BL$14="X",BM33,BN33) -> 1596.1278 | BN47: =IF($BL$14="X",BN33,BM33) -> -7004.9443 | BP47: =IF($BL$15="X",BP33,BQ33) -> -780.61229 | BQ47: =IF($BL$15="X",BQ33,BP33) -> -5069.1232 | BS47: =IF($BL$16="X",BS33,BT33) -> -1658.9366 | BT47: =IF($BL$16="X",BT33,BS33) -> -2536.1361 | BV47: =IF($BL$17="X",BV33,BW33) -> -119.00058 | BW47: =IF($BL$17="X",BW33,BV33) -> -228.57901 | BY47: =IF($BL$18="X",BY33,BZ33) -> 0 | BZ47: =IF($BL$18="X",BZ33,BY33) -> 0 | CB47: =IF($BL$19="X",CB33,CC33) -> 0 | CC47: =IF($BL$19="X",CC33,CB33) -> 0
AM48: =AM30 -> 0 | AN48: =AN30 -> 0 | AP48: x-min | AQ48: y-min | BG48: =IF($BL$12="X",BG34,BH34) -> 4370 | BH48: =IF($BL$12="X",BH34,BG34) -> 0 | BJ48: =IF($BL$13="X",BJ34,BK34) -> 6902.0366 | BK48: =IF($BL$13="X",BK34,BJ34) -> -3524.8249 | BM48: =IF($BL$14="X",BM34,BN34) -> 1006.5824 | BN48: =IF($BL$14="X",BN34,BM34) -> -7587.9788 | BP48: =IF($BL$15="X",BP34,BQ34) -> -1078.4163 | BQ48: =IF($BL$15="X",BQ34,BP34) -> -4789.2504 | BS48: =IF($BL$16="X",BS34,BT34) -> -1780.3326 | BT48: =IF($BL$16="X",BT34,BS34) -> -2285.7901 | BV48: =IF($BL$17="X",BV34,BW34) -> 0 | BW48: =IF($BL$17="X",BW34,BV34) -> 0 | BY48: =IF($BL$18="X",BY34,BZ34) -> 0 | BZ48: =IF($BL$18="X",BZ34,BY34) -> 0 | CB48: =IF($BL$19="X",CB34,CC34) -> 0 | CC48: =IF($BL$19="X",CC34,CB34) -> 0
AM49: =AM33 -> 0 | AN49: =AN33 -> 0 | AP49: =MIN(AM40:AM49) -> -1780.3326 | AQ49: =MIN(AN40:AN49) -> -7587.9788
AP50: x-max | AQ50: y-max
AP51: =MAX(AM40:AM49) -> 6902.0366 | AQ51: =MAX(AN40:AN49) -> 0
BH54: TEXT
BG55: A | BJ55: B | BM55: C | BP55: D | BS55: E | BV55: F | BY55: G | CB55: H
D56: SIGNATURE: | BH56: X | BI56: Y | BK56: X | BL56: Y | BN56: X | BO56: Y | BQ56: X | BR56: Y | BT56: X | BU56: Y | BW56: X | BX56: Y | BZ56: X | CA56: Y | CC56: X | CD56: Y
BG57: Centre | BH57: =IF(ISERROR(250*COS(AL11)),0,-250*COS(AL11)) -> -190.72904 | BI57: =IF(ISERROR(250*SIN(AL11)),0,-250*SIN(AL11)) -> 161.62436 | BJ57: centre | BK57: =IF(ISERROR(250*COS(AL12)),0,-250*COS(AL12))+AG11 -> 4484.0972 | BL57: =IF(ISERROR(250*SIN(AL12)),0,-250*SIN(AL12))+AH11 -> 222.44512 | BM57: centre | BN57: =IF(ISERROR(250*COS(AL13)),0,-250*COS(AL13))+AG12 -> 7148.3387 | BO57: =IF(ISERROR(250*SIN(AL13)),0,-250*SIN(AL13))+AH12 -> -3567.6653 | BP57: centre | BQ57: =IF(ISERROR(250*COS(AL14)),0,-250*COS(AL14))+AG13 -> 965.88016 | BR57: =IF(ISERROR(250*SIN(AL14)),0,-250*SIN(AL14))+AH13 -> -7834.6432 | BS57: centre | BT57: =IF(ISERROR(250*COS(AL15)),0,-250*COS(AL15))+AG14 -> -1302.7812 | BU57: =IF(ISERROR(250*SIN(AL15)),0,-250*SIN(AL15))+AH14 -> -4899.5246 | BV57: centre | BW57: =IF(ISERROR(250*COS(AL16)),0,-250*COS(AL16))+AG15 -> -2006.8836 | BX57: =IF(ISERROR(250*SIN(AL16)),0,-250*SIN(AL16))+AH15 -> -2180.0799 | BY57: centre | BZ57: =IF(ISERROR(250*COS(AL17)),0,-250*COS(AL17))+AG16 -> 227.83368 | CA57: =IF(ISERROR(250*SIN(AL17)),0,-250*SIN(AL17))+AH16 -> 102.91653 | CB57: centre | CC57: =IF(ISERROR(250*COS(AL18)),0,-250*COS(AL18))+AG17 -> -227.83368 | CD57: =IF(ISERROR(250*SIN(AL18)),0,-250*SIN(AL18))+AH17 -> -102.91653
BG58: 1 | BH58: =BH57-100 -> -290.72904 | BI58: =BI57-100 -> 61.624362 | BJ58: 1 | BK58: =BK57-100 -> 4384.0972 | BL58: =BL57+150 -> 372.44512 | BM58: 1 | BN58: =BN57+100 -> 7248.3387 | BO58: =BO57-100 -> -3667.6653 | BP58: 1 | BQ58: =BQ57-100 -> 865.88016 | BR58: =BR57+150 -> -7684.6432 | BS58: 1 | BT58: =BT57+100 -> -1202.7812 | BU58: =BU57-150 -> -5049.5246 | BV58: 1 | BW58: =BW57-100 -> -2106.8836 | BX58: =BX57-150 -> -2330.0799 | BY58: 1 | BZ58: =BZ57+100 -> 327.83368 | CA58: =CA57+150 -> 252.91653 | CB58: 1 | CC58: =CC57-100 -> -327.83368 | CD58: =CD57+150 -> 47.083468
BG59: 2 | BH59: =BH57-100 -> -290.72904 | BI59: =BI57 -> 161.62436 | BJ59: 2 | BK59: =BK57-50 -> 4434.0972 | BL59: =BL57+150 -> 372.44512 | BM59: 2 | BN59: =BN57+50 -> 7198.3387 | BO59: =BO57-150 -> -3717.6653 | BP59: 2 | BQ59: =BQ57-50 -> 915.88016 | BR59: =BR57+150 -> -7684.6432 | BS59: 2 | BT59: =BT57-100 -> -1402.7812 | BU59: =BU57-150 -> -5049.5246 | BV59: 2 | BW59: =BW57-100 -> -2106.8836 | BX59: =BX57 -> -2180.0799 | BY59: 2 | BZ59: =BZ57-50 -> 177.83368 | CA59: =CA57+150 -> 252.91653 | CB59: 2 | CC59: =CC57-100 -> -327.83368 | CD59: =CD57 -> -102.91653
BG60: 3 | BH60: =BH57 -> -190.72904 | BI60: =BI57+200 -> 361.62436 | BJ60: 3 | BK60: =BK57+50 -> 4534.0972 | BL60: =BL57+150 -> 372.44512 | BM60: 3 | BN60: =BN57-50 -> 7098.3387 | BO60: =BO57-150 -> -3717.6653 | BP60: 3 | BQ60: =BQ57+50 -> 1015.8802 | BR60: =BR57+150 -> -7684.6432 | BS60: 3 | BT60: =BT57-100 -> -1402.7812 | BU60: =BU57 -> -4899.5246 | BV60: 3 | BW60: =BW57 -> -2006.8836 | BX60: =BX57 -> -2180.0799 | BY60: 3 | BZ60: =BZ57-100 -> 127.83368 | CA60: =CA57+100 -> 202.91653 | CB60: 3 | CC60: =CC57-100 -> -327.83368 | CD60: =CD57-150 -> -252.91653
C61: AdSaS Shade Soft Licence Agreement | BG61: 4 | BH61: =BH57+100 -> -90.729037 | BI61: =BI57 -> 161.62436 | BJ61: 4 | BK61: =BK57+100 -> 4584.0972 | BL61: =BL57+100 -> 322.44512 | BM61: 4 | BN61: =BN57-100 -> 7048.3387 | BO61: =BO57-100 -> -3667.6653 | BP61: 4 | BQ61: =BQ57+100 -> 1065.8802 | BR61: =BR57+100 -> -7734.6432 | BS61: 4 | BT61: =BT57 -> -1302.7812 | BU61: =BU57 -> -4899.5246 | BV61: 4 | BW61: =BW57-100 -> -2106.8836 | BX61: =BX57+150 -> -2030.0799 | BY61: 4 | BZ61: =BZ57-100 -> 127.83368 | CA61: =CA57-100 -> 2.9165319 | CB61: 4 | CC61: =CC57+100 -> -127.83368 | CD61: =CD57+150 -> 47.083468
BG62: 5 | BH62: =BH57+100 -> -90.729037 | BI62: =BI57-100 -> 61.624362 | BJ62: 5 | BK62: =BK57+100 -> 4584.0972 | BL62: =BL57+50 -> 272.44512 | BM62: 5 | BN62: =BN57-100 -> 7048.3387 | BO62: =BO57+100 -> -3467.6653 | BP62: 5 | BQ62: =BQ57+100 -> 1065.8802 | BR62: =BR57-100 -> -7934.6432 | BS62: 5 | BT62: =BT57-100 -> -1402.7812 | BU62: =BU57+150 -> -4749.5246 | BV62: 5 | BW62: =BW57+100 -> -1906.8836 | BX62: =BX57+150 -> -2030.0799 | BY62: 5 | BZ62: =BZ57-50 -> 177.83368 | CA62: =CA57-150 -> -47.083468 | CB62: 5 | CC62: =CC57+100 -> -127.83368 | CD62: =CD57 -> -102.91653
C63: AdSaS Shade Soft shoud be used by all Shade Sails Customer for use in and outside Australia only under the following conditions. | BJ63: 6 | BK63: =BK57+50 -> 4534.0972 | BL63: =BL57 -> 222.44512 | BM63: 6 | BN63: =BN57-50 -> 7098.3387 | BO63: =BO57+150 -> -3417.6653 | BP63: 6 | BQ63: =BQ57+50 -> 1015.8802 | BR63: =BR57-150 -> -7984.6432 | BS63: 6 | BT63: =BT57+100 -> -1202.7812 | BU63: =BU57+150 -> -4749.5246 | BY63: 6 | BZ63: =BZ57+100 -> 327.83368 | CA63: =CA57-150 -> -47.083468 | CB63: 6 | CC63: =CC57+100 -> -127.83368 | CD63: =CD57-150 -> -252.91653
C64: IMPORTANT: By using or installing the AdSas Shade Soft product (which includes but is not limited to the software, related material, printed manuals, on-line documents and other media), hereinafter referred to as “ShadeCALC”, you (an individual or single entity or you on behalf of your employer) are agreeing to be bound by the terms and conditions of this Licence Agreement. This Licence Agreement constitutes the complete agreement between you and Advanced Sail Structures. If you do not agree to the terms and conditions of the agreement: do not install or use AdSaS Shade Soft and discontinue its use immediately; and return all AdSaS Shade Soft software and related media to ABGAL. | BJ64: 7 | BK64: =BK57+100 -> 4584.0972 | BL64: =BL57-50 -> 172.44512 | BM64: 7 | BN64: =BN57+50 -> 7198.3387 | BO64: =BO57+150 -> -3417.6653 | BP64: 7 | BQ64: =BQ57-50 -> 915.88016 | BR64: =BR57-150 -> -7984.6432 | BY64: 7 | BZ64: =BZ57+100 -> 327.83368 | CA64: =CA57 -> 102.91653
BJ65: 8 | BK65: =BK57+100 -> 4584.0972 | BL65: =BL57-100 -> 122.44512 | BM65: 8 | BN65: =BN57+100 -> 7248.3387 | BO65: =BO57+100 -> -3467.6653 | BP65: 8 | BQ65: =BQ57-100 -> 865.88016 | BR65: =BR57-150 -> -7984.6432 | BY65: 8 | BZ65: =BZ57+50 -> 277.83368 | CA65: =CA57 -> 102.91653
BJ66: 9 | BK66: =BK57+50 -> 4534.0972 | BL66: =BL57-150 -> 72.445118
BJ67: 10 | BK67: =BK57-50 -> 4434.0972 | BL67: =BL57-150 -> 72.445118
BJ68: 11 | BK68: =BK57-100 -> 4384.0972 | BL68: =BL57-150 -> 72.445118
BJ69: 12 | BK69: =BK57-50 -> 4434.0972 | BL69: =BL57 -> 222.44512
BH71: DRAW
BG72: A | BH72: X | BI72: Y | BJ72: B | BK72: X | BL72: Y | BM72: C | BN72: X | BO72: Y | BP72: D | BQ72: X | BR72: Y | BS72: E | BT72: X | BU72: Y | BV72: F | BW72: X | BX72: Y | BY72: G | BZ72: X | CA72: Y | CB72: H | CC72: X | CD72: Y
BG73: 1 | BH73: =IF($AR$11=0,NA(),VLOOKUP(BG73,$BG$58:$BI$62,2,FALSE)) -> -290.72904 | BI73: =VLOOKUP(BG73,$BG$58:$BI$62,3,FALSE) -> 61.624362 | BJ73: 1 | BK73: =IF($AR$11=0,NA(),VLOOKUP(BJ73,$BJ$58:$BL$69,2,FALSE)) -> 4384.0972 | BL73: =VLOOKUP(BJ73,$BJ$58:$BL$69,3,FALSE) -> 372.44512 | BM73: 1 | BN73: =IF($AR$11=0,NA(),VLOOKUP(BM73,$BM$58:$BO$65,2,FALSE)) -> 7248.3387 | BO73: =VLOOKUP(BM73,$BM$58:$BO$65,3,FALSE) -> -3667.6653 | BP73: 1 | BQ73: =IF($AR$11=0,NA(),VLOOKUP(IF($G$7>3,BP73,0),$BP$58:$BR$65,2,FALSE)) -> 865.88016 | BR73: =VLOOKUP(BP73,$BP$58:$BR$65,3,FALSE) -> -7684.6432 | BS73: 1 | BT73: =VLOOKUP(IF($G$7>4,BS73,0),$BS$58:$BU$63,2,FALSE) -> -1202.7812 | BU73: =VLOOKUP(BS73,$BS$58:$BU$63,3,FALSE) -> -5049.5246 | BV73: 1 | BW73: =VLOOKUP(IF($G$7>5,BV73,0),$BV$58:$BX$62,2,FALSE) -> -2106.8836 | BX73: =VLOOKUP(BV73,$BV$58:$BX$62,3,FALSE) -> -2330.0799 | BY73: 1 | BZ73: =VLOOKUP(IF($G$7>6,BY73,0),$BY$58:$CA$65,2,FALSE) -> #N/A | CA73: =VLOOKUP(BY73,$BY$58:$CA$65,3,FALSE) -> 252.91653 | CB73: 1 | CC73: =VLOOKUP(IF($G$7>7,CB73,0),$CB$58:$CD$63,2,FALSE) -> #N/A | CD73: =VLOOKUP(CB73,$CB$58:$CD$63,3,FALSE) -> 47.083468
BG74: 2 | BH74: =IF($AR$11=0,NA(),VLOOKUP(BG74,$BG$58:$BI$62,2,FALSE)) -> -290.72904 | BI74: =VLOOKUP(BG74,$BG$58:$BI$62,3,FALSE) -> 161.62436 | BJ74: 2 | BK74: =IF($AR$11=0,NA(),VLOOKUP(BJ74,$BJ$58:$BL$69,2,FALSE)) -> 4434.0972 | BL74: =VLOOKUP(BJ74,$BJ$58:$BL$69,3,FALSE) -> 372.44512 | BM74: 2 | BN74: =IF($AR$11=0,NA(),VLOOKUP(BM74,$BM$58:$BO$65,2,FALSE)) -> 7198.3387 | BO74: =VLOOKUP(BM74,$BM$58:$BO$65,3,FALSE) -> -3717.6653 | BP74: 2 | BQ74: =IF($AR$11=0,NA(),VLOOKUP(IF($G$7>3,BP74,0),$BP$58:$BR$65,2,FALSE)) -> 915.88016 | BR74: =VLOOKUP(BP74,$BP$58:$BR$65,3,FALSE) -> -7684.6432 | BS74: 2 | BT74: =VLOOKUP(IF($G$7>4,BS74,0),$BS$58:$BU$63,2,FALSE) -> -1402.7812 | BU74: =VLOOKUP(BS74,$BS$58:$BU$63,3,FALSE) -> -5049.5246 | BV74: 2 | BW74: =VLOOKUP(IF($G$7>5,BV74,0),$BV$58:$BX$62,2,FALSE) -> -2106.8836 | BX74: =VLOOKUP(BV74,$BV$58:$BX$62,3,FALSE) -> -2180.0799 | BY74: 2 | BZ74: =VLOOKUP(IF($G$7>6,BY74,0),$BY$58:$CA$65,2,FALSE) -> #N/A | CA74: =VLOOKUP(BY74,$BY$58:$CA$65,3,FALSE) -> 252.91653 | CB74: 2 | CC74: =VLOOKUP(IF($G$7>7,CB74,0),$CB$58:$CD$63,2,FALSE) -> #N/A | CD74: =VLOOKUP(CB74,$CB$58:$CD$63,3,FALSE) -> -102.91653
BG75: 4 | BH75: =IF($AR$11=0,NA(),VLOOKUP(BG75,$BG$58:$BI$62,2,FALSE)) -> -90.729037 | BI75: =VLOOKUP(BG75,$BG$58:$BI$62,3,FALSE) -> 161.62436 | BJ75: 3 | BK75: =IF($AR$11=0,NA(),VLOOKUP(BJ75,$BJ$58:$BL$69,2,FALSE)) -> 4534.0972 | BL75: =VLOOKUP(BJ75,$BJ$58:$BL$69,3,FALSE) -> 372.44512 | BM75: 3 | BN75: =IF($AR$11=0,NA(),VLOOKUP(BM75,$BM$58:$BO$65,2,FALSE)) -> 7098.3387 | BO75: =VLOOKUP(BM75,$BM$58:$BO$65,3,FALSE) -> -3717.6653 | BP75: 3 | BQ75: =IF($AR$11=0,NA(),VLOOKUP(IF($G$7>3,BP75,0),$BP$58:$BR$65,2,FALSE)) -> 1015.8802 | BR75: =VLOOKUP(BP75,$BP$58:$BR$65,3,FALSE) -> -7684.6432 | BS75: 3 | BT75: =VLOOKUP(IF($G$7>4,BS75,0),$BS$58:$BU$63,2,FALSE) -> -1402.7812 | BU75: =VLOOKUP(BS75,$BS$58:$BU$63,3,FALSE) -> -4899.5246 | BV75: 3 | BW75: =VLOOKUP(IF($G$7>5,BV75,0),$BV$58:$BX$62,2,FALSE) -> -2006.8836 | BX75: =VLOOKUP(BV75,$BV$58:$BX$62,3,FALSE) -> -2180.0799 | BY75: 3 | BZ75: =VLOOKUP(IF($G$7>6,BY75,0),$BY$58:$CA$65,2,FALSE) -> #N/A | CA75: =VLOOKUP(BY75,$BY$58:$CA$65,3,FALSE) -> 202.91653 | CB75: 3 | CC75: =VLOOKUP(IF($G$7>7,CB75,0),$CB$58:$CD$63,2,FALSE) -> #N/A | CD75: =VLOOKUP(CB75,$CB$58:$CD$63,3,FALSE) -> -252.91653
BG76: 2 | BH76: =IF($AR$11=0,NA(),VLOOKUP(BG76,$BG$58:$BI$62,2,FALSE)) -> -290.72904 | BI76: =VLOOKUP(BG76,$BG$58:$BI$62,3,FALSE) -> 161.62436 | BJ76: 4 | BK76: =IF($AR$11=0,NA(),VLOOKUP(BJ76,$BJ$58:$BL$69,2,FALSE)) -> 4584.0972 | BL76: =VLOOKUP(BJ76,$BJ$58:$BL$69,3,FALSE) -> 322.44512 | BM76: 4 | BN76: =IF($AR$11=0,NA(),VLOOKUP(BM76,$BM$58:$BO$65,2,FALSE)) -> 7048.3387 | BO76: =VLOOKUP(BM76,$BM$58:$BO$65,3,FALSE) -> -3667.6653 | BP76: 4 | BQ76: =IF($AR$11=0,NA(),VLOOKUP(IF($G$7>3,BP76,0),$BP$58:$BR$65,2,FALSE)) -> 1065.8802 | BR76: =VLOOKUP(BP76,$BP$58:$BR$65,3,FALSE) -> -7734.6432 | BS76: 4 | BT76: =VLOOKUP(IF($G$7>4,BS76,0),$BS$58:$BU$63,2,FALSE) -> -1302.7812 | BU76: =VLOOKUP(BS76,$BS$58:$BU$63,3,FALSE) -> -4899.5246 | BV76: 2 | BW76: =VLOOKUP(IF($G$7>5,BV76,0),$BV$58:$BX$62,2,FALSE) -> -2106.8836 | BX76: =VLOOKUP(BV76,$BV$58:$BX$62,3,FALSE) -> -2180.0799 | BY76: 4 | BZ76: =VLOOKUP(IF($G$7>6,BY76,0),$BY$58:$CA$65,2,FALSE) -> #N/A | CA76: =VLOOKUP(BY76,$BY$58:$CA$65,3,FALSE) -> 2.9165319 | CB76: 2 | CC76: =VLOOKUP(IF($G$7>7,CB76,0),$CB$58:$CD$63,2,FALSE) -> #N/A | CD76: =VLOOKUP(CB76,$CB$58:$CD$63,3,FALSE) -> -102.91653
BG77: 3 | BH77: =IF($AR$11=0,NA(),VLOOKUP(BG77,$BG$58:$BI$62,2,FALSE)) -> -190.72904 | BI77: =VLOOKUP(BG77,$BG$58:$BI$62,3,FALSE) -> 361.62436 | BJ77: 5 | BK77: =IF($AR$11=0,NA(),VLOOKUP(BJ77,$BJ$58:$BL$69,2,FALSE)) -> 4584.0972 | BL77: =VLOOKUP(BJ77,$BJ$58:$BL$69,3,FALSE) -> 272.44512 | BM77: 5 | BN77: =IF($AR$11=0,NA(),VLOOKUP(BM77,$BM$58:$BO$65,2,FALSE)) -> 7048.3387 | BO77: =VLOOKUP(BM77,$BM$58:$BO$65,3,FALSE) -> -3467.6653 | BP77: 5 | BQ77: =IF($AR$11=0,NA(),VLOOKUP(IF($G$7>3,BP77,0),$BP$58:$BR$65,2,FALSE)) -> 1065.8802 | BR77: =VLOOKUP(BP77,$BP$58:$BR$65,3,FALSE) -> -7934.6432 | BS77: 3 | BT77: =VLOOKUP(IF($G$7>4,BS77,0),$BS$58:$BU$63,2,FALSE) -> -1402.7812 | BU77: =VLOOKUP(BS77,$BS$58:$BU$63,3,FALSE) -> -4899.5246 | BV77: 4 | BW77: =VLOOKUP(IF($G$7>5,BV77,0),$BV$58:$BX$62,2,FALSE) -> -2106.8836 | BX77: =VLOOKUP(BV77,$BV$58:$BX$62,3,FALSE) -> -2030.0799 | BY77: 5 | BZ77: =VLOOKUP(IF($G$7>6,BY77,0),$BY$58:$CA$65,2,FALSE) -> #N/A | CA77: =VLOOKUP(BY77,$BY$58:$CA$65,3,FALSE) -> -47.083468 | CB77: 5 | CC77: =VLOOKUP(IF($G$7>7,CB77,0),$CB$58:$CD$63,2,FALSE) -> #N/A | CD77: =VLOOKUP(CB77,$CB$58:$CD$63,3,FALSE) -> -102.91653
BG78: 4 | BH78: =IF($AR$11=0,NA(),VLOOKUP(BG78,$BG$58:$BI$62,2,FALSE)) -> -90.729037 | BI78: =VLOOKUP(BG78,$BG$58:$BI$62,3,FALSE) -> 161.62436 | BJ78: 6 | BK78: =IF($AR$11=0,NA(),VLOOKUP(BJ78,$BJ$58:$BL$69,2,FALSE)) -> 4534.0972 | BL78: =VLOOKUP(BJ78,$BJ$58:$BL$69,3,FALSE) -> 222.44512 | BM78: 6 | BN78: =IF($AR$11=0,NA(),VLOOKUP(BM78,$BM$58:$BO$65,2,FALSE)) -> 7098.3387 | BO78: =VLOOKUP(BM78,$BM$58:$BO$65,3,FALSE) -> -3417.6653 | BP78: 6 | BQ78: =IF($AR$11=0,NA(),VLOOKUP(IF($G$7>3,BP78,0),$BP$58:$BR$65,2,FALSE)) -> 1015.8802 | BR78: =VLOOKUP(BP78,$BP$58:$BR$65,3,FALSE) -> -7984.6432 | BS78: 5 | BT78: =VLOOKUP(IF($G$7>4,BS78,0),$BS$58:$BU$63,2,FALSE) -> -1402.7812 | BU78: =VLOOKUP(BS78,$BS$58:$BU$63,3,FALSE) -> -4749.5246 | BV78: 5 | BW78: =VLOOKUP(IF($G$7>5,BV78,0),$BV$58:$BX$62,2,FALSE) -> -1906.8836 | BX78: =VLOOKUP(BV78,$BV$58:$BX$62,3,FALSE) -> -2030.0799 | BY78: 6 | BZ78: =VLOOKUP(IF($G$7>6,BY78,0),$BY$58:$CA$65,2,FALSE) -> #N/A | CA78: =VLOOKUP(BY78,$BY$58:$CA$65,3,FALSE) -> -47.083468 | CB78: 4 | CC78: =VLOOKUP(IF($G$7>7,CB78,0),$CB$58:$CD$63,2,FALSE) -> #N/A | CD78: =VLOOKUP(CB78,$CB$58:$CD$63,3,FALSE) -> 47.083468
BG79: 5 | BH79: =IF($AR$11=0,NA(),VLOOKUP(BG79,$BG$58:$BI$62,2,FALSE)) -> -90.729037 | BI79: =VLOOKUP(BG79,$BG$58:$BI$62,3,FALSE) -> 61.624362 | BJ79: 12 | BK79: =IF($AR$11=0,NA(),VLOOKUP(BJ79,$BJ$58:$BL$69,2,FALSE)) -> 4434.0972 | BL79: =VLOOKUP(BJ79,$BJ$58:$BL$69,3,FALSE) -> 222.44512 | BM79: 7 | BN79: =IF($AR$11=0,NA(),VLOOKUP(BM79,$BM$58:$BO$65,2,FALSE)) -> 7198.3387 | BO79: =VLOOKUP(BM79,$BM$58:$BO$65,3,FALSE) -> -3417.6653 | BP79: 7 | BQ79: =IF($AR$11=0,NA(),VLOOKUP(IF($G$7>3,BP79,0),$BP$58:$BR$65,2,FALSE)) -> 915.88016 | BR79: =VLOOKUP(BP79,$BP$58:$BR$65,3,FALSE) -> -7984.6432 | BS79: 6 | BT79: =VLOOKUP(IF($G$7>4,BS79,0),$BS$58:$BU$63,2,FALSE) -> -1202.7812 | BU79: =VLOOKUP(BS79,$BS$58:$BU$63,3,FALSE) -> -4749.5246 | BY79: 7 | BZ79: =VLOOKUP(IF($G$7>6,BY79,0),$BY$58:$CA$65,2,FALSE) -> #N/A | CA79: =VLOOKUP(BY79,$BY$58:$CA$65,3,FALSE) -> 102.91653 | CB79: 5 | CC79: =VLOOKUP(IF($G$7>7,CB79,0),$CB$58:$CD$63,2,FALSE) -> #N/A | CD79: =VLOOKUP(CB79,$CB$58:$CD$63,3,FALSE) -> -102.91653
BJ80: 6 | BK80: =IF($AR$11=0,NA(),VLOOKUP(BJ80,$BJ$58:$BL$69,2,FALSE)) -> 4534.0972 | BL80: =VLOOKUP(BJ80,$BJ$58:$BL$69,3,FALSE) -> 222.44512 | BM80: 8 | BN80: =IF($AR$11=0,NA(),VLOOKUP(BM80,$BM$58:$BO$65,2,FALSE)) -> 7248.3387 | BO80: =VLOOKUP(BM80,$BM$58:$BO$65,3,FALSE) -> -3467.6653 | BP80: 8 | BQ80: =IF($AR$11=0,NA(),VLOOKUP(IF($G$7>3,BP80,0),$BP$58:$BR$65,2,FALSE)) -> 865.88016 | BR80: =VLOOKUP(BP80,$BP$58:$BR$65,3,FALSE) -> -7984.6432 | BY80: 8 | BZ80: =VLOOKUP(IF($G$7>6,BY80,0),$BY$58:$CA$65,2,FALSE) -> #N/A | CA80: =VLOOKUP(BY80,$BY$58:$CA$65,3,FALSE) -> 102.91653 | CB80: 6 | CC80: =VLOOKUP(IF($G$7>7,CB80,0),$CB$58:$CD$63,2,FALSE) -> #N/A | CD80: =VLOOKUP(CB80,$CB$58:$CD$63,3,FALSE) -> -252.91653
BJ81: 7 | BK81: =IF($AR$11=0,NA(),VLOOKUP(BJ81,$BJ$58:$BL$69,2,FALSE)) -> 4584.0972 | BL81: =VLOOKUP(BJ81,$BJ$58:$BL$69,3,FALSE) -> 172.44512 | BP81: 7 | BQ81: =IF($AR$11=0,NA(),VLOOKUP(IF($G$7>3,BP81,0),$BP$58:$BR$65,2,FALSE)) -> 915.88016 | BR81: =VLOOKUP(BP81,$BP$58:$BR$65,3,FALSE) -> -7984.6432
BJ82: 8 | BK82: =IF($AR$11=0,NA(),VLOOKUP(BJ82,$BJ$58:$BL$69,2,FALSE)) -> 4584.0972 | BL82: =VLOOKUP(BJ82,$BJ$58:$BL$69,3,FALSE) -> 122.44512 | BP82: 2 | BQ82: =IF($AR$11=0,NA(),VLOOKUP(IF($G$7>3,BP82,0),$BP$58:$BR$65,2,FALSE)) -> 915.88016 | BR82: =VLOOKUP(BP82,$BP$58:$BR$65,3,FALSE) -> -7684.6432
BJ83: 9 | BK83: =IF($AR$11=0,NA(),VLOOKUP(BJ83,$BJ$58:$BL$69,2,FALSE)) -> 4534.0972 | BL83: =VLOOKUP(BJ83,$BJ$58:$BL$69,3,FALSE) -> 72.445118
BJ84: 10 | BK84: =IF($AR$11=0,NA(),VLOOKUP(BJ84,$BJ$58:$BL$69,2,FALSE)) -> 4434.0972 | BL84: =VLOOKUP(BJ84,$BJ$58:$BL$69,3,FALSE) -> 72.445118
BJ85: 11 | BK85: =IF($AR$11=0,NA(),VLOOKUP(BJ85,$BJ$58:$BL$69,2,FALSE)) -> 4384.0972 | BL85: =VLOOKUP(BJ85,$BJ$58:$BL$69,3,FALSE) -> 72.445118
BJ86: 10 | BK86: =IF($AR$11=0,NA(),VLOOKUP(BJ86,$BJ$58:$BL$69,2,FALSE)) -> 4434.0972 | BL86: =VLOOKUP(BJ86,$BJ$58:$BL$69,3,FALSE) -> 72.445118
BJ87: 12 | BK87: =IF($AR$11=0,NA(),VLOOKUP(BJ87,$BJ$58:$BL$69,2,FALSE)) -> 4434.0972 | BL87: =VLOOKUP(BJ87,$BJ$58:$BL$69,3,FALSE) -> 222.44512
BJ88: 2 | BK88: =IF($AR$11=0,NA(),VLOOKUP(BJ88,$BJ$58:$BL$69,2,FALSE)) -> 4434.0972 | BL88: =VLOOKUP(BJ88,$BJ$58:$BL$69,3,FALSE) -> 372.44512
BH91: TAG
BH92: X | BI92: Y
BG93: Centre | BH93: =IF(ISERROR(400*COS(VLOOKUP(BJ93,AD11:AU18,9,FALSE))),0,400*COS(VLOOKUP(BJ93,AD11:AU18,9,FALSE)))+VLOOKUP(BJ93,AD11:AU18,17,FALSE) -> #N/A | BI93: =IF(ISERROR(400*SIN(VLOOKUP(BJ93,AD11:AU18,9,FALSE))),0,400*SIN(VLOOKUP(BJ93,AD11:AU18,9,FALSE)))+VLOOKUP(BJ93,AD11:AU18,18,FALSE) -> #N/A | BJ93: =VLOOKUP("TAG",G11:H18,2,FALSE) -> #N/A | BK93: =VLOOKUP(BJ93,AD11:AU18,9,FALSE) -> #N/A | BL93: =COS(BK93) -> #N/A
BG94: 1 | BH94: =IF(ISERROR(BH73),NA(),BH93-100) -> #N/A | BI94: =BI93+75 -> #N/A
BG95: 2 | BH95: =IF(ISERROR(BH73),NA(),BH93+100) -> #N/A | BI95: =BI93+75 -> #N/A
BG96: 3 | BH96: =IF(ISERROR(BH73),NA(),BH93+100) -> #N/A | BI96: =BI93-75 -> #N/A
BG97: 4 | BH97: =IF(ISERROR(BH73),NA(),BH93-100) -> #N/A | BI97: =BI93-75 -> #N/A
BH98: =BH94 -> #N/A | BI98: =BI94 -> #N/A
